Frequency (GHz),xn1_sq,xn2_sq,xn1_xn2_conj
1.0,4.018471581192296e-21,-5.5714362269020694e-18,(-2.5558501754561682e-20-2.730379629482362e-20j)
1.001,4.017879310753834e-21,-5.5700717865935176e-18,(-3.0840375152891976e-20+1.8395492107113105e-20j)
1.002,4.017258527129233e-21,-5.5688145158150124e-18,(1.0746889952919264e-20+1.9862693927544396e-20j)
1.003,4.016651331588719e-21,-5.5704648630453535e-18,(2.5556554731400744e-20-1.0688240327495417e-20j)
1.004,4.016094995838438e-21,-5.566988938438762e-18,(-2.7269073121980655e-21-3.507827657790531e-20j)
1.005,4.015466316763078e-21,-5.5729926575628226e-18,(-1.509243441846705e-20-1.533782980935038e-20j)
1.006,4.014794156582725e-21,-5.566461755242669e-18,(-3.236932464428568e-20-1.478814464029929e-20j)
1.007,4.0140750031223024e-21,-5.5626270920301e-18,(-2.6770145585351386e-20-1.8040122302216343e-20j)
1.008,4.0135841654038855e-21,-5.565459193876958e-18,(-1.9683879042586098e-20-2.0301927378842778e-20j)
1.009,4.01283831588034e-21,-5.5666003625882055e-18,(-3.00138717118449e-20-2.1891383401537637e-20j)
1.01,4.012201380711569e-21,-5.561265913529394e-18,(-2.6890308559741252e-20-2.096130656603548e-20j)
1.011,4.01163749192981e-21,-5.5669872475307115e-18,(1.6346951199003523e-21-4.231148848540184e-20j)
1.012,4.011036439002622e-21,-5.569460399622666e-18,(1.0186422254215252e-20-1.205760561119554e-20j)
1.013,4.010463800847883e-21,-5.56594497170737e-18,(7.91531208355734e-22+1.8494320428251722e-20j)
1.014,4.009763951247091e-21,-5.5622169661435326e-18,(-2.9773217752208947e-20+7.665361166420006e-21j)
1.015,4.0089945774164405e-21,-5.5703631223282534e-18,(-3.4139388267340906e-20-1.0850003361781474e-20j)
1.016,4.0083998395435686e-21,-5.5680242145758275e-18,(-2.4743531664764633e-20+1.2670318001882938e-20j)
1.017,4.007795654466382e-21,-5.568408197690966e-18,(1.1028875639859596e-20+9.556830484223034e-21j)
1.018,4.007042390693978e-21,-5.5671756975343625e-18,(3.028737297087292e-20-1.2931662604725955e-20j)
1.019,4.006439765863681e-21,-5.5709464768320124e-18,(6.610584269497888e-22-3.1806525784647954e-20j)
1.02,4.005987815841944e-21,-5.56999135903896e-18,(-2.6881484536548233e-20-2.815779771095691e-20j)
1.021,4.0052428978762874e-21,-5.565229195196653e-18,(4.527809562949814e-21-4.178239679313206e-20j)
1.022,4.004566214702898e-21,-5.5642030200210464e-18,(1.25491213546339e-20-1.8835635088483558e-20j)
1.023,4.003967644998835e-21,-5.562535597723181e-18,(5.50186806462611e-21+1.7613368893181115e-20j)
1.024,4.003203285198612e-21,-5.569399719060696e-18,(-1.5814943995663347e-20+2.875212716945547e-21j)
1.025,4.00252633731278e-21,-5.573722620700384e-18,(-1.970121661336038e-20-1.984522177778867e-20j)
1.026,4.001566693704998e-21,-5.5669023152706595e-18,(-4.0114440141555733e-20-8.910297847393214e-21j)
1.027,4.001168687953409e-21,-5.563648142421048e-18,(-1.8626738034535044e-20-3.122083607506872e-20j)
1.028,4.0004466180878616e-21,-5.560966022435243e-18,(-2.896908491606399e-20-2.1996836654950215e-20j)
1.029,3.9998172093147135e-21,-5.5654259554267366e-18,(-2.36157343654085e-20-2.50526422089982e-20j)
1.03,3.999297421974271e-21,-5.562371492315509e-18,(-2.926851395724764e-20-2.6135909713788944e-20j)
1.031,3.9984852795728956e-21,-5.568251970156016e-18,(-2.389692992996339e-20-2.907469083376675e-20j)
1.032,3.99776295214308e-21,-5.567756462586292e-18,(-2.4649696168252615e-20-2.9360465986260694e-20j)
1.033,3.997017953790955e-21,-5.570234644918288e-18,(-3.342986647008367e-20-3.4412609322580544e-20j)
1.034,3.9964380310630505e-21,-5.5630572836138745e-18,(-2.2318825796401328e-20-2.0647924221696396e-20j)
1.035,3.996299906902433e-21,-5.565875632810001e-18,(-2.5529054323965965e-20-1.4459885177361034e-20j)
1.036,3.9951889348899365e-21,-5.57176588313434e-18,(-3.0838636603526263e-20-1.9307589686255275e-20j)
1.037,3.9945760869823035e-21,-5.5651785968466845e-18,(-2.4127703496374693e-20-3.0276306473475674e-20j)
1.038,3.994088422542986e-21,-5.5624917077322295e-18,(-1.7515764655606654e-20-3.275796492516221e-20j)
1.039,3.993153116931538e-21,-5.564086187206059e-18,(-1.3112426096702908e-20-2.669053038392073e-20j)
1.04,3.992422076213092e-21,-5.561983002460724e-18,(-1.109583147064892e-20-7.645039855138837e-21j)
1.041,3.99237817997572e-21,-5.56334475127083e-18,(-2.0849520911608606e-20-2.712480462488783e-20j)
1.042,3.991475461850211e-21,-5.564507233820958e-18,(-3.671305780342429e-20-6.007331727961991e-21j)
1.043,3.9908044762309375e-21,-5.563629391581954e-18,(-2.8651310210954914e-20-2.6724810663609317e-20j)
1.044,3.99037509977477e-21,-5.5596552597747e-18,(-2.808737355855404e-20-2.6464948577224158e-20j)
1.045,3.9896726094289645e-21,-5.563132424055542e-18,(-3.3282022784711997e-20-1.798585762467171e-20j)
1.046,3.989242819042407e-21,-5.5642800522858906e-18,(-1.555310675058978e-20-3.0554894020461435e-20j)
1.047,3.9884314640542564e-21,-5.560872392912162e-18,(-2.3603611356604588e-20-2.826649452862498e-20j)
1.048,3.988091190845797e-21,-5.559602462936814e-18,(-2.977829640046705e-20-2.764354464672731e-20j)
1.049,3.9871524552040395e-21,-5.5613439179399445e-18,(-2.0545254243703915e-20-3.1224700418185295e-20j)
1.05,3.98663443066116e-21,-5.564375913591799e-18,(-2.620531912086208e-20-2.1818383865895774e-20j)
1.051,3.986054714314268e-21,-5.563360291733071e-18,(-2.383065778868308e-20-1.0540868578148266e-20j)
1.052,3.985844629406387e-21,-5.55555149901663e-18,(-3.407708334979675e-20-2.1194815392667493e-20j)
1.053,3.9853206757863496e-21,-5.5629133922027546e-18,(-1.7157239370726346e-20-3.418848242601277e-20j)
1.054,3.984479286618794e-21,-5.5580769822613364e-18,(-1.9215602120813552e-20-3.395788023153972e-20j)
1.055,3.983863558722838e-21,-5.5618449689035464e-18,(-2.967938937206063e-20-1.814294295041402e-20j)
1.056,3.98332964984288e-21,-5.555857118699057e-18,(-2.5801292103127055e-20-1.962634351619961e-20j)
1.057,3.982861144968737e-21,-5.560110289888714e-18,(-2.304880696145438e-20-2.1057246570724976e-20j)
1.058,3.982249692789786e-21,-5.560875823547883e-18,(-1.9231839764747224e-20-2.152391998399789e-20j)
1.059,3.981914493917448e-21,-5.555844959296612e-18,(-1.142392828303522e-20-2.882720017780613e-20j)
1.06,3.98101787869319e-21,-5.554867484375424e-18,(-1.341896402479897e-20-2.695735032798922e-20j)
1.061,3.9807497568802276e-21,-5.559991674380272e-18,(-3.581947464847304e-20-1.479128603510675e-20j)
1.062,3.980309557234103e-21,-5.555608738326263e-18,(-2.1450015582347694e-20-1.824538110282268e-20j)
1.063,3.979386180233135e-21,-5.554886446491576e-18,(-2.3908464349419384e-20-3.945645715348304e-20j)
1.064,3.979047562175331e-21,-5.554210617758161e-18,(-1.2916055844109901e-20-2.7713101485594584e-20j)
1.065,3.978910284214361e-21,-5.554592576965457e-18,(-2.9215211407797986e-20-3.943691607520601e-20j)
1.066,3.978241031366017e-21,-5.555249606783156e-18,(-2.758422113993376e-20-2.446111811929378e-20j)
1.067,3.97730099852579e-21,-5.5503719207695416e-18,(-1.6579388686428843e-20-2.687538481600156e-20j)
1.068,3.976811087084223e-21,-5.554061608573433e-18,(-1.839859078817754e-20-1.167680141304303e-20j)
1.069,3.97702577695874e-21,-5.556395642452758e-18,(-2.5387502834702474e-20-1.6826842055481473e-20j)
1.07,3.9765309185702854e-21,-5.5525431002496904e-18,(-2.930391528299066e-20-1.4140093305610543e-20j)
1.071,3.97593883119538e-21,-5.551394700809973e-18,(-2.6602400452655123e-20-3.218918958049268e-20j)
1.072,3.975714901268315e-21,-5.557179914726724e-18,(-2.5768448390538747e-20-2.313384170071814e-20j)
1.073,3.975093309629904e-21,-5.551715463105418e-18,(-2.405354647965765e-20-2.6934668411624412e-20j)
1.074,3.974930940299029e-21,-5.546380926296021e-18,(-1.795317831941353e-20-2.562414278296903e-20j)
1.075,3.974539154127051e-21,-5.552870650950248e-18,(-1.939669399250255e-20-3.5437029201898386e-20j)
1.076,3.974242915119844e-21,-5.552942131682169e-18,(-3.557039392801878e-20-3.5003142545495815e-20j)
1.077,3.974242884637183e-21,-5.551985300461057e-18,(-2.422807150693436e-20-2.3749080440311588e-20j)
1.078,3.97337484095688e-21,-5.552941155601049e-18,(-2.3420290406253418e-20-1.9826748120192355e-20j)
1.079,3.9732515448890006e-21,-5.549956010745135e-18,(-1.0921750126359789e-20-1.2112063569470812e-20j)
1.08,3.973068941217136e-21,-5.55187529310798e-18,(-2.6728567812909356e-20-2.910412904959689e-20j)
1.081,3.972722594088429e-21,-5.551365546854363e-18,(-2.1518480127743427e-20-3.2318598124477295e-20j)
1.082,3.972006260768006e-21,-5.558263987595479e-18,(-2.735838977202517e-20-4.218628590904332e-20j)
1.083,3.9722270331094516e-21,-5.5474475868277375e-18,(-2.717881057553207e-20-2.805558224560333e-20j)
1.084,3.971928791575456e-21,-5.54955658110745e-18,(-2.0878387406194994e-20-2.801467923836088e-20j)
1.085,3.971333469635433e-21,-5.5427434786899065e-18,(-3.0624130672566614e-20-2.9673403897599206e-20j)
1.086,3.9713177300190715e-21,-5.552849987602342e-18,(-3.73169127381169e-20-3.074485441951221e-20j)
1.087,3.970851780848554e-21,-5.54521510529376e-18,(-3.299335844219334e-20-2.0202224908821293e-20j)
1.088,3.970923647138617e-21,-5.541434300511052e-18,(-2.005772110697081e-20-1.6514575862605782e-20j)
1.089,3.971013414440869e-21,-5.5441218106461274e-18,(-2.0596966111172233e-20-2.98293593749185e-20j)
1.09,3.9708810917876435e-21,-5.547486456382603e-18,(-2.1029158545183045e-20-3.264944266586899e-20j)
1.091,3.970494745165471e-21,-5.547547934917023e-18,(-2.081864552994679e-20-2.4445994095802178e-20j)
1.092,3.9702298785570865e-21,-5.5468746502085205e-18,(-1.9637498146850345e-20-3.049181091990412e-20j)
1.093,3.970393856655152e-21,-5.5477315423629186e-18,(-2.0591236843607992e-20-1.639254622324026e-20j)
1.094,3.969932327725381e-21,-5.541907812805797e-18,(-2.0338609729304013e-20-1.8788032671987733e-20j)
1.095,3.970216259627412e-21,-5.540074180793184e-18,(-2.8862298992599375e-20-2.7114165077467227e-20j)
1.096,3.9700394945277255e-21,-5.536276101049102e-18,(-2.232028467837822e-20-2.8996434049162986e-20j)
1.097,3.9695923430883044e-21,-5.53467542998556e-18,(-1.684620414653317e-20-2.3130627377275402e-20j)
1.098,3.969825945667809e-21,-5.538174011221076e-18,(-1.024260519983099e-20-4.0318558096766654e-20j)
1.099,3.969270325917704e-21,-5.538993165606299e-18,(-2.308971872226464e-20-3.024247243501746e-20j)
1.1,3.969204044598333e-21,-5.53850013522553e-18,(-2.2929243331122135e-20-2.9562410402347864e-20j)
1.101,3.969697745990607e-21,-5.537790700297585e-18,(-1.227986460063287e-20-2.548429235995069e-20j)
1.102,3.969564879372378e-21,-5.533701669409764e-18,(-1.8123550075462253e-20-2.3382469034627843e-20j)
1.103,3.969044460098709e-21,-5.526715874901919e-18,(-1.2605750899815575e-20-2.597666217023535e-20j)
1.104,3.9696550734843775e-21,-5.526396456053765e-18,(-2.2490282697007287e-20-2.7701385376316314e-20j)
1.105,3.969592352948222e-21,-5.525859598622939e-18,(-2.6426213058130385e-20-2.5931804461670366e-20j)
1.106,3.9700025984988685e-21,-5.5334098905587904e-18,(-1.58318322054e-20-3.365373433698929e-20j)
1.107,3.9699658288971214e-21,-5.525867900249781e-18,(-8.286080219393989e-21-2.8399625262956773e-20j)
1.108,3.969321261421473e-21,-5.5224799781833585e-18,(-1.4060599865430655e-20-2.5716462540538578e-20j)
1.109,3.969532099700624e-21,-5.531901928660257e-18,(-2.3429770424416294e-20-3.25028480846667e-20j)
1.11,3.970077318877198e-21,-5.529814243914512e-18,(-1.2306839535585627e-20-4.3242177584927414e-20j)
1.111,3.970017896617273e-21,-5.522642667692935e-18,(-1.8699447442049466e-20-3.5960595267452776e-20j)
1.112,3.9697223540285e-21,-5.523581032299221e-18,(-2.4454398195192994e-20-3.8842696159369126e-20j)
1.113,3.970621252176769e-21,-5.517364031109678e-18,(-3.130580007462152e-20-2.119559407123722e-20j)
1.114,3.971072520839011e-21,-5.515654108820943e-18,(-2.613467436775157e-20-1.9329493710537252e-20j)
1.115,3.970773925189263e-21,-5.518174112331857e-18,(-1.552827053710816e-20-4.067790220739829e-20j)
1.116,3.97070841398388e-21,-5.520058695096195e-18,(-1.3455191185438208e-20-2.85293777627243e-20j)
1.117,3.9707909161350534e-21,-5.519299165742705e-18,(-1.7582672787861963e-20-3.337685718126395e-20j)
1.118,3.971726565401098e-21,-5.51426011939605e-18,(-1.9787119637679948e-20-2.140454988603524e-20j)
1.119,3.9713072653052194e-21,-5.518565674591894e-18,(-2.898630143849204e-20-3.447474030700298e-20j)
1.12,3.971582082990322e-21,-5.5159610568698196e-18,(-2.6696653797571127e-20-3.5053222858164555e-20j)
1.121,3.972109170013124e-21,-5.508051205041757e-18,(-1.825877733388189e-20-2.321482558278822e-20j)
1.122,3.971660928626075e-21,-5.506718926659539e-18,(-2.5482059067627717e-20-3.356444525971882e-20j)
1.123,3.972154267610338e-21,-5.5111379575957256e-18,(-7.456558062069738e-21-2.261965367104023e-20j)
1.124,3.972472358758108e-21,-5.501267019800817e-18,(-1.9955566436877598e-20-3.5945128713785817e-20j)
1.125,3.97271830222562e-21,-5.507105297174753e-18,(-1.2215439553557123e-20-3.4037911480065876e-20j)
1.126,3.973514831245502e-21,-5.501111144523679e-18,(-2.5230349378374886e-20-2.0519327677868116e-20j)
1.127,3.973780995331016e-21,-5.502433318912061e-18,(-1.896345664223226e-20-3.242077218444425e-20j)
1.128,3.973510832200599e-21,-5.4958490716630424e-18,(-1.7155425458336786e-20-2.658038090456569e-20j)
1.129,3.9740223351889995e-21,-5.502948569154569e-18,(-2.2333628978467842e-20-4.671852847226282e-20j)
1.13,3.974817734333325e-21,-5.499274883981143e-18,(-6.859282564461946e-21-3.037227599874854e-20j)
1.131,3.973961298906511e-21,-5.491675386383861e-18,(-2.9727832776681566e-20-3.5061267171927614e-20j)
1.132,3.974782794935156e-21,-5.494610124136155e-18,(-1.2159608002146052e-20-2.5493451302680475e-20j)
1.133,3.974884122324837e-21,-5.488452643248561e-18,(-1.6949575609861793e-20-2.725622475700053e-20j)
1.134,3.975512889142144e-21,-5.490781153267375e-18,(-1.8384468756800084e-20-1.5656063831532955e-20j)
1.135,3.975767561143699e-21,-5.4907282487069284e-18,(-1.857497758840083e-20-2.7426647440603365e-20j)
1.136,3.976514418915269e-21,-5.488674617540224e-18,(-1.7092561832467082e-20-4.579330066541682e-20j)
1.137,3.97687013698601e-21,-5.487987127412806e-18,(-1.9600145766744227e-20-3.0649240283936834e-20j)
1.138,3.9766591363152475e-21,-5.487775350320369e-18,(-5.18194168881837e-21-3.248767944367453e-20j)
1.139,3.976890271167182e-21,-5.486338284595706e-18,(-2.082828187358672e-20-3.079117016870006e-20j)
1.14,3.9766101850036175e-21,-5.485461709578937e-18,(-2.0652007145505096e-20-4.127508566316517e-20j)
1.141,3.978007309087502e-21,-5.480461245149085e-18,(1.339698596739756e-20-2.1609267788304103e-20j)
1.142,3.977875616306572e-21,-5.485114957814547e-18,(1.9375550798597635e-20-7.265084222377291e-22j)
1.143,3.977562854975383e-21,-5.4807426803736805e-18,(-3.6627017511137856e-21+1.8605493735499572e-20j)
1.144,3.977762605042051e-21,-5.47709021485813e-18,(-3.665134165967042e-20-1.3336890969449182e-21j)
1.145,3.978410775247337e-21,-5.475526751803898e-18,(-1.53348797226654e-20-2.867468420528782e-20j)
1.146,3.9789452601108275e-21,-5.474624262504407e-18,(-2.396025750517138e-20-6.941275065273401e-21j)
1.147,3.979076422278802e-21,-5.473271734618301e-18,(-7.919666832405046e-21+1.1619156221153783e-20j)
1.148,3.979172848920955e-21,-5.477950811415999e-18,(1.2244426940565409e-20-9.52975248078283e-21j)
1.149,3.979427362295151e-21,-5.472932319681712e-18,(7.846550355799863e-21-2.224685007881078e-20j)
1.15,3.979030373917907e-21,-5.465759200021758e-18,(-2.0886059090141294e-20-2.947178721232619e-20j)
1.151,3.980023673450536e-21,-5.468672311768383e-18,(-1.4982354367296353e-20-2.760008988762784e-20j)
1.152,3.9802746432651934e-21,-5.4739182131085174e-18,(-2.260709186794144e-20-3.5708905120296045e-20j)
1.153,3.980649854979793e-21,-5.4697561067229464e-18,(-2.181506220827598e-20-2.4137006697299836e-20j)
1.154,3.980236620792587e-21,-5.4641831282576594e-18,(-2.5932850719066227e-20-3.4845732954416825e-20j)
1.155,3.980803992677468e-21,-5.467008523942332e-18,(-1.427817144609494e-20-2.9660399028540203e-20j)
1.156,3.980234773808677e-21,-5.452358115438444e-18,(-2.019165965452464e-20-3.460057508419086e-20j)
1.157,3.9811929177060136e-21,-5.458668650427612e-18,(-2.1237143337406568e-20-2.460316704191801e-20j)
1.158,3.981158603670132e-21,-5.452212324761051e-18,(-1.6338230765660932e-20-2.7278711884041457e-20j)
1.159,3.98094215760232e-21,-5.455795832936076e-18,(-2.19821892052777e-20-2.261677373356821e-20j)
1.16,3.981327450924898e-21,-5.44767916183982e-18,(-1.7301248374289204e-20-3.8265541853092386e-20j)
1.161,3.981208010072867e-21,-5.456982372789417e-18,(-1.124956647558754e-20-3.1333480133237584e-20j)
1.162,3.981124665416975e-21,-5.4501295096284366e-18,(-2.2278477727259304e-20-2.5489841801780058e-20j)
1.163,3.981537183480206e-21,-5.448765562960427e-18,(-1.6995056485610298e-20-3.7072089879255033e-20j)
1.164,3.981347791094074e-21,-5.448610390040173e-18,(-2.6998619822094992e-20-3.231750772646742e-20j)
1.165,3.981891989123689e-21,-5.447597533346777e-18,(-1.9306451784001148e-20-2.740650534703517e-20j)
1.166,3.982360953073192e-21,-5.45316271578394e-18,(-1.890931849520707e-20-3.418680524074258e-20j)
1.167,3.9819227313389774e-21,-5.448747174356525e-18,(-1.9367885941363426e-20-1.5567519746891722e-20j)
1.168,3.981342368922436e-21,-5.438771021514851e-18,(-1.3580331456559112e-20-3.9171700858594034e-20j)
1.169,3.9817924268319175e-21,-5.4410867887102e-18,(-1.3221062172298535e-20-2.4753774874999356e-20j)
1.17,3.982458978696851e-21,-5.441395392976276e-18,(-1.6225592972770417e-20-4.5689441977583386e-20j)
1.171,3.981631783824863e-21,-5.442052441328137e-18,(-1.3466498773944808e-20-2.6257873805537253e-20j)
1.172,3.9828119958840926e-21,-5.437805100354854e-18,(-9.890917804362995e-21-3.128687103770695e-20j)
1.173,3.982265424634667e-21,-5.439012780741625e-18,(-1.4711077327672198e-20-3.99450555605566e-20j)
1.174,3.982303438659188e-21,-5.43441613271132e-18,(-1.151168928493974e-20-2.595764130343509e-20j)
1.175,3.9822669536112016e-21,-5.4403184033083456e-18,(-1.0603570504322033e-20-3.307393430862587e-20j)
1.176,3.982597056279989e-21,-5.435582424471953e-18,(-2.1723697627887716e-20-3.02204040308425e-20j)
1.177,3.982034586202603e-21,-5.4348200803291174e-18,(-2.1280111438250308e-20-3.141506692105718e-20j)
1.178,3.982387661911127e-21,-5.4398414389634805e-18,(-1.3572476189489963e-20-3.249216427500069e-20j)
1.179,3.982519454305022e-21,-5.43865392184144e-18,(-7.736914156658512e-21-2.2882828971428162e-20j)
1.18,3.982556061970508e-21,-5.431029973650701e-18,(-1.0568923192696423e-20-4.3179221843322395e-20j)
1.181,3.982767858722999e-21,-5.424952598341173e-18,(-1.7329903868275184e-20-3.2506707562930846e-20j)
1.182,3.982488058935217e-21,-5.423115746194424e-18,(-1.5964888661690103e-20-4.1061184479232327e-20j)
1.183,3.983087484329849e-21,-5.42859456280804e-18,(-2.110668108955868e-20-2.6535760571425157e-20j)
1.184,3.982776139403814e-21,-5.4295337662115796e-18,(-1.1521675710984755e-20-2.2758005158578268e-20j)
1.185,3.9826509628868056e-21,-5.427040764996412e-18,(-5.135742440082655e-21-3.641765100291107e-20j)
1.186,3.982698969181256e-21,-5.431381547896802e-18,(-1.6463699859597216e-20-2.6062230964527217e-20j)
1.187,3.982539099302281e-21,-5.427072377768717e-18,(-1.2790663465305403e-20-2.887123386466681e-20j)
1.188,3.98278170195738e-21,-5.421921221682057e-18,(-2.076950311582232e-20-3.011338683396844e-20j)
1.189,3.982732330417019e-21,-5.426583121408689e-18,(-1.9601343064841482e-20-3.542494173524654e-20j)
1.19,3.9828299039222956e-21,-5.419023281428359e-18,(-1.578268505272494e-20-3.771898414202344e-20j)
1.191,3.983321336502379e-21,-5.420296912543406e-18,(-1.8819274656206512e-20-3.865850446698004e-20j)
1.192,3.983148667195818e-21,-5.420783920721055e-18,(-1.4917586737589424e-20-3.021237219196431e-20j)
1.193,3.982923315744338e-21,-5.423099213745457e-18,(-1.6496541050598098e-20-4.3059502980839804e-20j)
1.194,3.983364938476686e-21,-5.421108438740278e-18,(-1.9440384037195763e-20-1.858493877130232e-20j)
1.195,3.983762896766718e-21,-5.409733057572535e-18,(-1.5779714386603403e-20-3.782183577344968e-20j)
1.196,3.983219309058793e-21,-5.416586864642271e-18,(-8.123828401328508e-21-1.4281292524527652e-20j)
1.197,3.983391642887611e-21,-5.408039099986406e-18,(-2.3663495067642754e-20-3.525275305883949e-20j)
1.198,3.9833028180226835e-21,-5.408729962826949e-18,(-2.6828759248472832e-20-3.2472224884085884e-20j)
1.199,3.983745805484174e-21,-5.409511674696002e-18,(-1.4322993489726848e-20-3.5792650897186417e-20j)
1.2,3.9836904624900946e-21,-5.404248681866514e-18,(-9.925814628084455e-21-3.685502390139905e-20j)
1.201,3.983681345419212e-21,-5.405822023686718e-18,(1.980685865008849e-21-2.853734632252569e-20j)
1.202,3.984031449639152e-21,-5.4006481757015234e-18,(1.2184398329190372e-20-3.7676169543218864e-21j)
1.203,3.984140937346236e-21,-5.400307360814783e-18,(-8.718614110358033e-21+3.3209150396814875e-21j)
1.204,3.983942085422573e-21,-5.396830087808929e-18,(-3.7504943217747296e-20-1.4871749277710465e-20j)
1.205,3.984219361824544e-21,-5.400434193419364e-18,(-1.8337642097786216e-20-3.88194600705714e-20j)
1.206,3.984366390532078e-21,-5.394922783358893e-18,(-2.7738997622683417e-20-1.5326880610302455e-20j)
1.207,3.984466283122314e-21,-5.399510667653054e-18,(-1.7855123339051277e-20+8.226224950662832e-21j)
1.208,3.984673165091821e-21,-5.396764922824631e-18,(7.149833302278731e-21+8.75053264131277e-21j)
1.209,3.9852179188807156e-21,-5.396121292066628e-18,(2.051045867818782e-20-1.897139262483825e-20j)
1.21,3.985214940541855e-21,-5.396844088193215e-18,(-1.2513508920391714e-20-2.766264805382603e-20j)
1.211,3.985253165393137e-21,-5.395628058640909e-18,(-1.7420886355521693e-20-4.544393509584322e-20j)
1.212,3.985101086118581e-21,-5.393322761563357e-18,(-8.417434240901344e-21-4.046969209362539e-20j)
1.213,3.985811628415728e-21,-5.39530599274436e-18,(-2.1950872383070842e-20-2.770598687771032e-20j)
1.214,3.985674742935266e-21,-5.395143982846406e-18,(-1.658848527275071e-20-3.628258636333617e-20j)
1.215,3.9861559590766834e-21,-5.3912290303238386e-18,(-1.3190548730575562e-20-3.277068728761744e-20j)
1.216,3.985897867746368e-21,-5.391038418585231e-18,(-1.2456392854865179e-20-3.6609747916028894e-20j)
1.217,3.986367313608895e-21,-5.388252730347888e-18,(-1.8605229676244644e-20-3.469278093058456e-20j)
1.218,3.986602250284327e-21,-5.390940048584684e-18,(-1.0601354196269437e-20-1.8573796678164606e-20j)
1.219,3.986917639004002e-21,-5.3874592145063925e-18,(-1.558948945858059e-20-2.96848893204349e-20j)
1.22,3.987795806282477e-21,-5.384645792995773e-18,(-1.5253193174936737e-20-3.683252022141796e-20j)
1.221,3.987384704330652e-21,-5.387624322079591e-18,(-1.1670419338083952e-20-2.987238103084638e-20j)
1.222,3.987147690320507e-21,-5.382541108961286e-18,(-2.573229335811775e-20-2.9457876238289656e-20j)
1.223,3.987879768822201e-21,-5.387852863444375e-18,(-9.872129985118517e-21-2.5497390038051534e-20j)
1.224,3.988201213137719e-21,-5.3849088875588696e-18,(-1.3104251764449743e-20-4.261921143213853e-20j)
1.225,3.9884258924259726e-21,-5.380642120958325e-18,(-2.110508008838725e-20-3.453778720989504e-20j)
1.226,3.98880680035521e-21,-5.3792119185303555e-18,(-1.460166799256782e-21-2.814862639064313e-20j)
1.227,3.9890948477008274e-21,-5.379790301341418e-18,(-1.6762071062916908e-20-3.393205328964221e-20j)
1.228,3.989519208772277e-21,-5.381015689399152e-18,(-9.841100273659813e-21-3.5705107185458157e-20j)
1.229,3.9895676006342705e-21,-5.380807224241482e-18,(-2.4149355583094772e-20-2.690675226147288e-20j)
1.23,3.9899545078525835e-21,-5.375462143759753e-18,(-1.4532559619241768e-20-3.5831934095154523e-20j)
1.231,3.990185014873519e-21,-5.380905364581012e-18,(-2.0982422189280065e-20-3.555810235040306e-20j)
1.232,3.990165663928891e-21,-5.38591205409036e-18,(-1.6930108759740304e-20-2.800410072837377e-20j)
1.233,3.99054671159639e-21,-5.374833305504606e-18,(-1.3823571110875416e-20-3.2425443251516125e-20j)
1.234,3.9911955974126284e-21,-5.376011341544136e-18,(-1.9211923209673856e-20-2.785217585586644e-20j)
1.235,3.991597558944632e-21,-5.378630390227924e-18,(-1.2625394981138605e-20-2.9955589665809666e-20j)
1.236,3.991464177276139e-21,-5.370074312589758e-18,(-1.3893536264369412e-20-2.9426893072698756e-20j)
1.237,3.991944619917874e-21,-5.3731138200640835e-18,(-2.7088301338996805e-20-3.427027150396703e-20j)
1.238,3.992428930188667e-21,-5.364108105548124e-18,(-1.74909580396478e-20-3.503938541945565e-20j)
1.239,3.992510768310299e-21,-5.371820952564288e-18,(-8.034863341739656e-21-3.047782460518787e-20j)
1.24,3.993051447653378e-21,-5.366428995077515e-18,(-1.253143451920747e-20-3.693575660336192e-20j)
1.241,3.993549009699856e-21,-5.364534204859268e-18,(-1.0773119560657787e-20-3.589313441938802e-20j)
1.242,3.9940984461526066e-21,-5.359499953078912e-18,(-1.610773324278681e-20-2.5545040552426198e-20j)
1.243,3.994070097374998e-21,-5.364462679497126e-18,(-1.680374479874474e-20-2.8126177852008743e-20j)
1.244,3.994616240469242e-21,-5.3572899325885695e-18,(-1.0646063857251688e-20-2.998726323645919e-20j)
1.245,3.994473064998471e-21,-5.363909295026896e-18,(-5.9961182567003184e-21-2.921861046289021e-20j)
1.246,3.995417522408978e-21,-5.358195923021946e-18,(9.15758939382273e-21-2.2621153209718977e-20j)
1.247,3.9960181825130804e-21,-5.3530499889812365e-18,(1.756056638743394e-20-5.613137904824104e-21j)
1.248,3.9957463396617315e-21,-5.352553775048783e-18,(-2.1313154076186067e-20+7.259624984632038e-21j)
1.249,3.9964637997917e-21,-5.3566973305306224e-18,(-2.1473645713511096e-20-8.00116362320674e-21j)
1.25,3.996891316861048e-21,-5.3516472132908976e-18,(-1.0604150913438453e-20-3.1702097886892134e-20j)
1.251,3.99742785568778e-21,-5.3512727822971526e-18,(-1.838754913329046e-20+3.710429306333559e-21j)
1.252,3.997897604289218e-21,-5.342402490018914e-18,(-1.1360713287813047e-20+5.510280239291182e-21j)
1.253,3.998111867970412e-21,-5.349186893709117e-18,(7.65410590278685e-21-1.1373058274773984e-20j)
1.254,3.998777025159338e-21,-5.345331708802459e-18,(7.871046904911495e-21-2.5520908316894492e-20j)
1.255,3.9992062413419705e-21,-5.342069494070042e-18,(-1.5915277805550517e-20-3.396940547003042e-20j)
1.256,3.999695785099736e-21,-5.34536846271843e-18,(-2.2520846282361865e-20-3.4312458449731034e-20j)
1.257,4.000134433460017e-21,-5.3441797456693916e-18,(-1.0509989756377698e-20-3.128066420387559e-20j)
1.258,4.000445984393918e-21,-5.3448399031204036e-18,(-1.0862797207854153e-20-4.442459355868432e-20j)
1.259,4.0008179270157604e-21,-5.3381611139905714e-18,(-1.9928307164655647e-21-2.3791333856168725e-20j)
1.26,4.001335585727047e-21,-5.345787027081645e-18,(-2.0318072801082552e-20-2.1189057296633712e-20j)
1.261,4.002212667137064e-21,-5.334684534531875e-18,(-1.7283829645241054e-20-3.430461181945321e-20j)
1.262,4.002602135218868e-21,-5.3381159218062335e-18,(-1.1697565083497044e-20-3.633204823180263e-20j)
1.263,4.003216548638328e-21,-5.333254784016649e-18,(-1.2387673899946199e-20-3.130213048990827e-20j)
1.264,4.003601536582435e-21,-5.334595987895837e-18,(-1.6272864283232487e-20-3.712227819144323e-20j)
1.265,4.004153660332449e-21,-5.327469865263201e-18,(-8.823481964664659e-21-2.91956221473503e-20j)
1.266,4.004555997166478e-21,-5.3281183102022876e-18,(-1.6242573618035216e-20-3.812905750030668e-20j)
1.267,4.004758350109185e-21,-5.330259384172353e-18,(-1.7177997473251175e-20-2.9521892445213345e-20j)
1.268,4.005706691946798e-21,-5.32364623058112e-18,(-1.3441138959839195e-20-3.0035359655571204e-20j)
1.269,4.00627922657552e-21,-5.3304581058068964e-18,(-1.5812610474196682e-20-2.3689741163402483e-20j)
1.27,4.006987339195723e-21,-5.321136492090279e-18,(-1.1668328353984437e-20-2.263470486552533e-20j)
1.271,4.007603239001005e-21,-5.324080646497997e-18,(-1.8657263843434933e-20-3.065096948564348e-20j)
1.272,4.007868435202788e-21,-5.3213595582359e-18,(-1.6462573406074672e-20-2.459864116535849e-20j)
1.273,4.0083454231486195e-21,-5.321086164754677e-18,(-9.328094781481257e-21-3.081178812976133e-20j)
1.274,4.008925741859088e-21,-5.320299263610152e-18,(-2.716791213025012e-20-2.348437119504811e-20j)
1.275,4.009804439876654e-21,-5.317786101855009e-18,(-1.382244535521764e-20-3.946243676190757e-20j)
1.276,4.010345855638758e-21,-5.318968572598853e-18,(-1.1171440902442759e-20-3.4291721616740974e-20j)
1.277,4.010884469506367e-21,-5.3094746677529735e-18,(-1.42132354468273e-20-3.659821178002388e-20j)
1.278,4.0115462940845266e-21,-5.315198326047918e-18,(-8.65868955352914e-21-2.864210939920588e-20j)
1.279,4.011969377180976e-21,-5.320038514137331e-18,(-1.956115719588062e-20-3.6412006485092585e-20j)
1.28,4.0126790077221926e-21,-5.31194404225455e-18,(-1.0097448705880947e-20-2.845331216338081e-20j)
1.281,4.013143565276156e-21,-5.311736269026531e-18,(-1.648469275992317e-20-2.339813414333893e-20j)
1.282,4.013571821942022e-21,-5.308349827187726e-18,(-1.4548816701749234e-20-2.6734124048648173e-20j)
1.283,4.014329804303478e-21,-5.3005411969284766e-18,(5.3710377778900355e-22-2.837032148152006e-20j)
1.284,4.014786836824513e-21,-5.306201467199674e-18,(-1.0441109401117363e-20-3.883359402913276e-20j)
1.285,4.015124268894974e-21,-5.304577426635974e-18,(-2.2995226213210014e-20-2.2969780088199703e-20j)
1.286,4.015951444961242e-21,-5.3023261537694965e-18,(1.9614047418921848e-21-2.7147401413674166e-20j)
1.287,4.016541723696818e-21,-5.30162997343036e-18,(1.7295878330894695e-20-9.793013879330825e-21j)
1.288,4.016906638266622e-21,-5.301812249841838e-18,(-7.853594701799121e-21+4.1796062486087985e-21j)
1.289,4.017735829371334e-21,-5.293264491206217e-18,(-1.2442389537114163e-20-1.9245404271438536e-20j)
1.29,4.018249425908801e-21,-5.293793996758828e-18,(-1.3394903149054373e-20-2.787974424042075e-20j)
1.291,4.018630592895801e-21,-5.2964755407721425e-18,(-2.2277545371181892e-20-2.7830021076018856e-20j)
1.292,4.019380564158332e-21,-5.291733373295763e-18,(-1.2401047937347992e-20-3.201178458019827e-20j)
1.293,4.019671614954284e-21,-5.289246690030652e-18,(-2.5794907165635597e-21-3.9938721437067036e-20j)
1.294,4.020406693979897e-21,-5.289841637498045e-18,(-2.0087590586016575e-20-3.250162239194912e-20j)
1.295,4.021033384710224e-21,-5.289903136954658e-18,(-1.7695066287836237e-20-2.9296209420059664e-20j)
1.296,4.0214399000908486e-21,-5.286949345070594e-18,(-2.8655901373787175e-20+5.248056663172759e-21j)
1.297,4.021872336101116e-21,-5.286975969559227e-18,(-8.938757299374211e-21-4.7659983199449544e-21j)
1.298,4.0223887428244665e-21,-5.284640589301172e-18,(6.26224812717227e-21-1.0444022723755752e-20j)
1.299,4.0231559419395835e-21,-5.2858581437781385e-18,(3.1925304388550357e-21-1.6988360457474817e-20j)
1.3,4.023593534347844e-21,-5.2791012232080885e-18,(4.490476096899294e-22-3.273566405981786e-20j)
1.301,4.024038688561324e-21,-5.281300937725821e-18,(-1.1835635394613646e-20-3.163564436405954e-20j)
1.302,4.024651477836484e-21,-5.281948100981015e-18,(-4.8008922163826654e-21-3.0606506001657983e-20j)
1.303,4.024775685888008e-21,-5.275409334097997e-18,(-1.4249197937588986e-21-3.3579137459021845e-20j)
1.304,4.0254754172596714e-21,-5.277983392364292e-18,(-1.246609737433975e-20-2.621591949744037e-20j)
1.305,4.025930990422611e-21,-5.274179705107112e-18,(-1.567386796785031e-20-2.1845742015280798e-20j)
1.306,4.026576164787158e-21,-5.2648825260987555e-18,(-1.3124152664604838e-20-2.666210737639741e-20j)
1.307,4.026974152334789e-21,-5.272979435391522e-18,(-7.952784697873789e-21-3.3877972804120853e-20j)
1.308,4.027460240249379e-21,-5.273586685923879e-18,(-9.988349117771157e-21-2.6961174461803635e-20j)
1.309,4.0278079065115565e-21,-5.271857491608938e-18,(-1.0151737680651263e-20-2.4979742487628296e-20j)
1.31,4.028381555579154e-21,-5.270371398218692e-18,(-1.9388695180712836e-20-2.0698348107121528e-20j)
1.311,4.028747022678857e-21,-5.2624129698269336e-18,(4.875492820904528e-21-2.044214063400264e-20j)
1.312,4.0290770390606304e-21,-5.265782734903574e-18,(1.1859837593463228e-20-4.762386454084676e-21j)
1.313,4.029430992048654e-21,-5.2620633211221944e-18,(1.24858243143876e-23+3.607258632086822e-21j)
1.314,4.029649007290267e-21,-5.268467359969604e-18,(-1.3697760847438692e-20-8.311121806597599e-21j)
1.315,4.0301234504602155e-21,-5.257662716933079e-18,(-1.0564523674836914e-20-4.394848850423416e-20j)
1.316,4.030519619511179e-21,-5.259941885999693e-18,(-2.1350436523169507e-20-3.9835081159623934e-20j)
1.317,4.03101095350663e-21,-5.259547791141737e-18,(-1.0675758609935536e-20-3.9647184026457577e-20j)
1.318,4.0311920914917334e-21,-5.260016597008232e-18,(-9.719948798302508e-21-2.0023513392749808e-20j)
1.319,4.031673580253949e-21,-5.2551784997722365e-18,(-2.2669168815614367e-20-2.793828783297542e-20j)
1.32,4.0321249217968135e-21,-5.25902583147877e-18,(-4.80746863034563e-21-1.8892395015611187e-20j)
1.321,4.032407243251731e-21,-5.255357186586253e-18,(-1.8696890661236958e-20-2.742247426642538e-20j)
1.322,4.032903108236468e-21,-5.2532518004996855e-18,(-9.874505972198418e-21-3.3411916707069174e-20j)
1.323,4.033303144486622e-21,-5.2520116936122675e-18,(-1.4644207208841437e-20-2.4497758274036436e-20j)
1.324,4.03360740278752e-21,-5.2484353685657554e-18,(-1.581966668939494e-20-3.361225166564347e-20j)
1.325,4.033906654385495e-21,-5.250598925525921e-18,(-1.1672584460255874e-20-2.898955442924585e-20j)
1.326,4.034323746104718e-21,-5.250316299208935e-18,(-1.9434609151459696e-20-1.1620949231492745e-21j)
1.327,4.034761077449921e-21,-5.249157655996635e-18,(-2.9139943130817355e-21-5.66588237815112e-21j)
1.328,4.0349013656890486e-21,-5.2519828090329936e-18,(7.546716052707773e-21-1.400857085451204e-20j)
1.329,4.035321936617654e-21,-5.246616471732013e-18,(1.2475924647145836e-20-3.483168655682615e-20j)
1.33,4.035529619039634e-21,-5.246975019730911e-18,(-1.2293175890975028e-20-3.8271208339979653e-20j)
1.331,4.035867466235449e-21,-5.247594582965377e-18,(3.95586620628579e-21-1.7931165726757095e-20j)
1.332,4.036048014952014e-21,-5.246859169911009e-18,(7.315025112196272e-21-9.115425549125472e-21j)
1.333,4.036175566717326e-21,-5.240234152479677e-18,(-1.8253797456885946e-21-8.672772352845517e-21j)
1.334,4.03628948245853e-21,-5.239657333191994e-18,(-1.4346422367857756e-20-1.598000780293788e-20j)
1.335,4.036553760243272e-21,-5.238685997709726e-18,(-5.061563768359018e-21-1.6878943161713083e-20j)
1.336,4.036683995811629e-21,-5.236409819625034e-18,(-1.0616924536862826e-20-3.237218945291295e-20j)
1.337,4.036894497859221e-21,-5.2416082853066286e-18,(-4.129710247398727e-21-3.742779872693635e-20j)
1.338,4.0369782741398684e-21,-5.235342491017256e-18,(-2.2128593954824377e-20-3.166942307643364e-20j)
1.339,4.0371297590170885e-21,-5.241604405421586e-18,(-2.0326954035472227e-20-3.439294854699911e-20j)
1.34,4.0373046913408316e-21,-5.2361131699559775e-18,(-2.4055687616893285e-20-2.0515882222741162e-20j)
1.341,4.03736793129317e-21,-5.239918490729903e-18,(-2.449165277622566e-20-8.096450195074967e-21j)
1.342,4.037504761885489e-21,-5.235415050894484e-18,(7.1838578332133e-21-6.114924948299054e-21j)
1.343,4.037640307954064e-21,-5.236846923132629e-18,(1.9671857911106212e-20-1.1853263056661428e-20j)
1.344,4.037823367526128e-21,-5.237863721336346e-18,(2.416438494504092e-21-3.9998034128358944e-20j)
1.345,4.037783733193871e-21,-5.2397993612851375e-18,(-1.0456476654818458e-20-2.3629270233891668e-20j)
1.346,4.037988382978138e-21,-5.230569944714388e-18,(-1.829981342428809e-20-2.0950974033323904e-20j)
1.347,4.037910176812131e-21,-5.232239912776434e-18,(-1.5235007680926823e-20-3.8063960935883034e-20j)
1.348,4.037991301380829e-21,-5.231365047381123e-18,(-1.6511080348621306e-20-2.6863551049972417e-20j)
1.349,4.03822869893756e-21,-5.229950247357568e-18,(-5.613778871523425e-21-2.858286957131627e-20j)
1.35,4.038176385581289e-21,-5.232282485643069e-18,(-1.0196963067250221e-20-9.60289819930568e-21j)
1.351,4.038205598686982e-21,-5.233414369245281e-18,(-3.1648881173899016e-21-2.7536315571628415e-20j)
1.352,4.038158292861666e-21,-5.229716157833486e-18,(5.998131805401239e-21-2.8170258509431587e-21j)
1.353,4.0381501498725626e-21,-5.2254314552925246e-18,(9.765190184977426e-21+6.993410695603047e-21j)
1.354,4.03819445507131e-21,-5.2303598232746605e-18,(-8.49667415241407e-21-3.693193684502317e-21j)
1.355,4.038215458276944e-21,-5.227398375868299e-18,(-7.536102494915416e-21-2.1228333709053306e-20j)
1.356,4.038088908069413e-21,-5.2266168501045e-18,(-1.3355526237541891e-20-3.579981497684412e-21j)
1.357,4.038075605068332e-21,-5.22389052381437e-18,(1.6492291349053737e-21-3.6830143920358294e-21j)
1.358,4.038007914202347e-21,-5.2224302963886315e-18,(1.375544601665773e-20-1.3567017812887846e-20j)
1.359,4.037858265089546e-21,-5.2225256310795266e-18,(1.1981366291609628e-20-3.448285945715799e-20j)
1.36,4.0378281480959484e-21,-5.2248874114712664e-18,(-1.4167377372512267e-20-1.7117557539266176e-20j)
1.361,4.037656991480952e-21,-5.223716049722252e-18,(-1.7991448604060617e-20-3.854437912540997e-20j)
1.362,4.037508242985198e-21,-5.2337282302237885e-18,(-1.547250139100239e-20-3.141186930436046e-20j)
1.363,4.0374961828979145e-21,-5.2287960985431576e-18,(-1.5576393144939237e-20-2.906888030671478e-20j)
1.364,4.037129959518279e-21,-5.223069797519618e-18,(-1.5263870406557483e-20-2.7693977076947084e-20j)
1.365,4.0371067654260576e-21,-5.226338647778766e-18,(-2.0359674617882892e-22-2.5221003244889727e-20j)
1.366,4.037049119800599e-21,-5.224704858700741e-18,(-6.93499532627371e-21-3.169692915644879e-20j)
1.367,4.036837734916909e-21,-5.227164461469723e-18,(-1.6619624378530963e-20-2.649337958397716e-20j)
1.368,4.036441080897675e-21,-5.21636991042171e-18,(-1.5613608528948774e-20-2.3869009427018223e-20j)
1.369,4.036085251361511e-21,-5.225193413619478e-18,(-3.8272657852542064e-21-2.3805079104921813e-20j)
1.37,4.035858102330414e-21,-5.2244519763416506e-18,(-8.84315247556395e-21-3.15826831838421e-20j)
1.371,4.03567080520596e-21,-5.2257366983630426e-18,(1.8309084691793823e-20-2.2446387153094363e-20j)
1.372,4.0355919026840906e-21,-5.222601016648634e-18,(4.045643706874095e-21-2.074930569892388e-20j)
1.373,4.035374612261254e-21,-5.226476640931643e-18,(-2.0840885834881847e-21-5.6052951714503296e-21j)
1.374,4.035144716104405e-21,-5.228436524620013e-18,(-1.045041102589403e-20-3.3652636535983574e-21j)
1.375,4.034755184150911e-21,-5.223898238228124e-18,(-2.3885743848962167e-20-1.6588098340233268e-20j)
1.376,4.0344618314785455e-21,-5.21950971476777e-18,(-1.6166239250539792e-20-2.2297101571858428e-20j)
1.377,4.034044213238144e-21,-5.224267723398776e-18,(-2.3580633024669616e-20-2.5009316663464463e-20j)
1.378,4.033779117643909e-21,-5.225482331282298e-18,(-1.3412652653274383e-20-2.9548275494592274e-20j)
1.379,4.033457407750832e-21,-5.224962819522856e-18,(-1.1882797280361077e-20-3.3484293831127725e-20j)
1.38,4.033317663186762e-21,-5.221298078519917e-18,(-1.727155917796144e-20-2.815511163712177e-20j)
1.381,4.032692918410802e-21,-5.227448635858247e-18,(-3.3133614340297674e-21-1.001565441495326e-20j)
1.382,4.032196953362665e-21,-5.218342817035233e-18,(-1.2213888008332373e-20-1.9580606757201627e-20j)
1.383,4.0317978615415754e-21,-5.218173159204478e-18,(-1.9638874705085013e-20-2.7165824450020706e-20j)
1.384,4.031438210582984e-21,-5.20890246380523e-18,(-4.5098540592305596e-21-3.0402189986204134e-20j)
1.385,4.030785215919497e-21,-5.210562659905083e-18,(-1.6754385822520388e-20-3.1406913094079954e-20j)
1.386,4.030401137589343e-21,-5.218584886055586e-18,(-1.8281984818011456e-20-2.7441397247125777e-20j)
1.387,4.029621477513837e-21,-5.219160039225934e-18,(-2.102777166474014e-20-2.0241229084716683e-20j)
1.388,4.0289604258472934e-21,-5.2269603053632565e-18,(-1.775118934013783e-20-2.043528807849352e-20j)
1.389,4.028356850814233e-21,-5.227753237098268e-18,(-3.291657456896571e-20-2.978426281535852e-20j)
1.39,4.027874518708296e-21,-5.2304813240810035e-18,(-3.100401764692604e-20-2.78257369151036e-20j)
1.391,4.026740706548596e-21,-5.2264896423107804e-18,(-1.2552664064835614e-20-7.993860661949382e-21j)
1.392,4.026274379478014e-21,-5.2269364769221e-18,(9.95953880212612e-21-3.0711657139848166e-21j)
1.393,4.025664009521876e-21,-5.226501676006517e-18,(8.255258333315988e-21-2.5585533269657422e-20j)
1.394,4.024755160245012e-21,-5.2280247697811495e-18,(1.2490998650497027e-20-3.769209150717053e-20j)
1.395,4.0241515317067525e-21,-5.230084957449585e-18,(-1.8347093639810602e-20-2.0591409954491134e-20j)
1.396,4.023258113991911e-21,-5.22818191898844e-18,(-4.916850112756096e-21-3.563369725988102e-20j)
1.397,4.022647112764612e-21,-5.2284520871226226e-18,(2.5591665159836246e-20-1.1021159641538002e-21j)
1.398,4.021890571218526e-21,-5.228440813668973e-18,(6.264014691168952e-21-1.0443534142438964e-20j)
1.399,4.0210333888454614e-21,-5.232383928611683e-18,(1.1905336236234456e-21-1.0869620129241935e-20j)
1.4,4.0201345734162585e-21,-5.233923868216885e-18,(-1.490239004510653e-20-2.4094041207159875e-20j)
1.401,4.0193968713548556e-21,-5.227008182224282e-18,(-8.771458521555002e-21-7.841785049935892e-21j)
1.402,4.018531115406351e-21,-5.2276941126608044e-18,(1.2389141712653013e-21+7.292721081901005e-21j)
1.403,4.0171797943711235e-21,-5.2355522823180034e-18,(1.5190652361194535e-20-1.2606769099235332e-20j)
1.404,4.016968722487321e-21,-5.230346524653214e-18,(5.219272265629604e-21-2.2511672091701237e-20j)
1.405,4.016074657022198e-21,-5.235828511362478e-18,(-8.68795194790584e-21-3.477489051958826e-20j)
1.406,4.015173937479868e-21,-5.236416262893195e-18,(5.573774448595469e-21-2.7609657635386734e-20j)
1.407,4.0145859822915855e-21,-5.234794284534449e-18,(-5.355264460809242e-21-1.5834124659301793e-20j)
1.408,4.0134567462460464e-21,-5.2397658971538265e-18,(1.2877371743845755e-21-1.0609586640664157e-20j)
1.409,4.012557950214038e-21,-5.242896419814777e-18,(-3.939899226923147e-21-2.9619055446815212e-21j)
1.41,4.011755372625442e-21,-5.2406350323046425e-18,(-1.450144623194637e-20-3.1688583877649865e-20j)
1.411,4.010920700959755e-21,-5.2399350882243016e-18,(-2.815501794479588e-20-7.222473213774808e-21j)
1.412,4.009727106865422e-21,-5.239534393759496e-18,(-2.027345035765913e-21+1.6213593952444684e-21j)
1.413,4.008550890462605e-21,-5.238386674156606e-18,(6.240362216998294e-21-1.402708715828325e-20j)
1.414,4.0079233668943034e-21,-5.236601382512757e-18,(7.433287230087021e-21-3.315028487860473e-20j)
1.415,4.006682194738005e-21,-5.240592481139562e-18,(-3.015194219302278e-20-2.356114242077147e-20j)
1.416,4.005864555677238e-21,-5.242512623583493e-18,(-1.828675183283856e-20-2.6013820543122765e-20j)
1.417,4.004492119599015e-21,-5.2511865481401365e-18,(-1.796490336308075e-20-2.7146192488975174e-20j)
1.418,4.003720493084229e-21,-5.245291903575207e-18,(-2.661960269529615e-20-2.3140630339636956e-20j)
1.419,4.0027979830218685e-21,-5.24102545554472e-18,(-6.497962540115909e-21-9.377281349109653e-21j)
1.42,4.001612029579606e-21,-5.248274132437004e-18,(-1.3597181434616394e-20-2.57187467908259e-20j)
1.421,4.000581043490747e-21,-5.247944420723385e-18,(-3.650739922349788e-21-2.797623919149635e-20j)
1.422,3.999792962144882e-21,-5.2514583341236494e-18,(1.0504480831931535e-20-1.5825738234992457e-20j)
1.423,3.998374324367376e-21,-5.251745003929648e-18,(4.1630091636767724e-21+2.193454913811714e-21j)
1.424,3.997747927373842e-21,-5.2487491809275116e-18,(-9.857875747950601e-21-1.2457539991667513e-20j)
1.425,3.996510854250349e-21,-5.251201429862998e-18,(-8.303577457352061e-21-1.7194845081474355e-20j)
1.426,3.995377195308459e-21,-5.255481837490216e-18,(-1.0099677291809092e-20-1.4062583085044428e-20j)
1.427,3.994379292109024e-21,-5.251476528231969e-18,(-5.0959604826544055e-21+9.504257897485186e-21j)
1.428,3.992759411439286e-21,-5.2570149383075684e-18,(1.7021478452137698e-20-1.637136706312812e-20j)
1.429,3.991909813956511e-21,-5.2576792683002224e-18,(-5.182008462951928e-21-4.53520844412888e-20j)
1.43,3.991180009138551e-21,-5.261004609064507e-18,(-1.1214375705095707e-20-2.6247102655098585e-20j)
1.431,3.9899853469539845e-21,-5.262336199870849e-18,(-1.843476185401536e-20-3.7232857005084624e-20j)
1.432,3.9890264335507776e-21,-5.257039672108791e-18,(-7.426910996170254e-21-2.621280674928506e-20j)
1.433,3.988060504443802e-21,-5.265573677063905e-18,(-2.005201062116146e-20-1.7000520223619357e-20j)
1.434,3.987220137628316e-21,-5.261572733838797e-18,(-1.6632754356844682e-20-3.206107964738455e-20j)
1.435,3.985839295932911e-21,-5.264190279892851e-18,(-5.735786533231909e-21-3.06985888147977e-20j)
1.436,3.984810246529628e-21,-5.264293357515734e-18,(-1.485406778577332e-20-2.6280243659363725e-20j)
1.437,3.9832368296190506e-21,-5.264876504484957e-18,(-1.3121991555669011e-20-1.8861937882140186e-20j)
1.438,3.982226108712843e-21,-5.26686932314789e-18,(-1.9879633360518056e-20-4.1482678605870575e-20j)
1.439,3.981830692311232e-21,-5.267828187544126e-18,(-7.041922476469031e-21-2.0624568107320362e-20j)
1.44,3.980244517983481e-21,-5.269033221683751e-18,(-1.690292404122601e-20-2.0685235381494097e-20j)
1.441,3.979357816005733e-21,-5.268281451136611e-18,(-1.53717037961758e-20-3.5390593491095566e-20j)
1.442,3.977732179143715e-21,-5.270717287471659e-18,(-6.2592948433161116e-21-2.950759597112826e-20j)
1.443,3.976957904712917e-21,-5.273280203705573e-18,(-1.213457618231545e-20-4.2157263779555235e-20j)
1.444,3.97588633717032e-21,-5.273156362156533e-18,(-1.1101279594777206e-20-2.737764128990952e-20j)
1.445,3.9751537680828786e-21,-5.2725753029047256e-18,(-2.3133313894764426e-20-3.855200625170355e-20j)
1.446,3.9739685438896124e-21,-5.277046223990639e-18,(-9.563977368187848e-21-2.0244179280865446e-20j)
1.447,3.9731816321340025e-21,-5.274867251552701e-18,(-1.476143869079738e-20-2.6435616149299032e-20j)
1.448,3.971689924417069e-21,-5.277378645318502e-18,(-1.702667266605841e-20-2.848775351468574e-20j)
1.449,3.970744519918552e-21,-5.279331620331559e-18,(-2.3883144422053624e-20-2.0945081250627257e-20j)
1.45,3.9696347483334736e-21,-5.276198816787534e-18,(-4.061870634931244e-21-2.0129925178599783e-20j)
1.451,3.968559357066713e-21,-5.288106219514161e-18,(-1.684905435558544e-20-3.354247103081612e-20j)
1.452,3.967740821065106e-21,-5.2785603950891954e-18,(-1.5874122720281663e-20-3.233349743662182e-20j)
1.453,3.966692009517267e-21,-5.281881559220785e-18,(-1.8350909150590534e-20-2.8762992045036e-20j)
1.454,3.9659333525796656e-21,-5.285266009549483e-18,(-1.2763674075052972e-20-2.7486310701765903e-20j)
1.455,3.964352402026485e-21,-5.2902258927113225e-18,(-1.6932543188983442e-20-2.950957465258655e-20j)
1.456,3.963652674521428e-21,-5.289296120682507e-18,(6.754765713352669e-21-3.591221559258452e-20j)
1.457,3.9618791497668834e-21,-5.289912301907902e-18,(2.751486466814733e-20-3.726669821712545e-21j)
1.458,3.961878779751518e-21,-5.290573603242702e-18,(-1.3198909652334495e-20+6.700068617883443e-21j)
1.459,3.9607178903695086e-21,-5.289944248235523e-18,(-1.9332536201416448e-20-1.1024471421916742e-20j)
1.46,3.9598659907446294e-21,-5.292099443521227e-18,(-1.55028553820037e-20-2.983130290652161e-20j)
1.461,3.958330792222379e-21,-5.294523988020106e-18,(-1.2196899302096464e-20-3.620931071532898e-20j)
1.462,3.957739869338225e-21,-5.296014901474502e-18,(-4.534129641638107e-21-3.488885311860724e-20j)
1.463,3.957077867352791e-21,-5.3018114363095864e-18,(-1.2507704367887074e-20-2.6453270797976974e-20j)
1.464,3.9556433340247576e-21,-5.299814310448023e-18,(-1.8194149714442127e-20-3.6200615080002936e-20j)
1.465,3.9547966493995376e-21,-5.298686582133385e-18,(-1.848972834767456e-20-3.43930013696714e-20j)
1.466,3.9535725035863484e-21,-5.297596337232809e-18,(-1.6206170861543312e-20-3.114203154474441e-20j)
1.467,3.952764204082491e-21,-5.2987767407713644e-18,(-1.217625553596829e-20-2.374536743453663e-20j)
1.468,3.952051768143986e-21,-5.2977565567842796e-18,(-5.831602088017617e-21-3.064375038213602e-20j)
1.469,3.9502644285492165e-21,-5.301169730609729e-18,(-1.3898240850597735e-20-2.5587287325862718e-20j)
1.47,3.9492777411547755e-21,-5.3033030252498955e-18,(-1.3503745941836902e-20-3.1412537455308134e-20j)
1.471,3.94965333887781e-21,-5.308804048136724e-18,(-1.5481386485812467e-20-3.762523451656169e-20j)
1.472,3.947931103165928e-21,-5.3017112937311895e-18,(-1.0702856972938336e-20-3.4183439945130084e-20j)
1.473,3.947511024378863e-21,-5.305237987009241e-18,(-9.361348539257778e-21-3.462430734526493e-20j)
1.474,3.945713290226965e-21,-5.309966859256333e-18,(-1.441285853605038e-20-2.988600521599608e-20j)
1.475,3.944878793747666e-21,-5.30858815217311e-18,(-1.4378491273757642e-20-3.744483775723875e-20j)
1.476,3.944286651225377e-21,-5.311047040197963e-18,(-1.5120197700514035e-20-3.1213465840320613e-20j)
1.477,3.943496832494301e-21,-5.312054142277774e-18,(-6.966350911024069e-21-3.1908601532348136e-20j)
1.478,3.9426683446368936e-21,-5.3146437572436105e-18,(-1.0494312482817872e-20-4.337789276653475e-20j)
1.479,3.9412415075797805e-21,-5.314221921056077e-18,(-8.185490297902968e-21-3.4432905575734325e-20j)
1.48,3.940774913656046e-21,-5.314570725351456e-18,(-6.519600351795615e-21-4.1547950645533055e-20j)
1.481,3.940294692087372e-21,-5.309941351866286e-18,(-1.537543607564509e-20-3.8295967509547657e-20j)
1.482,3.939743840749572e-21,-5.317411348745521e-18,(-1.3888853534603943e-20-2.3085987750575267e-20j)
1.483,3.9378607734306044e-21,-5.311396267541913e-18,(-6.87680568826468e-21-3.671674666960059e-20j)
1.484,3.938277601692631e-21,-5.321209619181661e-18,(-9.759645117981458e-21-3.3982313078438483e-20j)
1.485,3.936022235473807e-21,-5.320247727599181e-18,(-2.0216874137137207e-21-2.975659991544439e-20j)
1.486,3.935943187883202e-21,-5.319547732773004e-18,(-2.886835230638533e-22-1.9866363876526494e-20j)
1.487,3.935283912557314e-21,-5.324066087675409e-18,(-1.404133665416279e-20-2.8629070920671655e-20j)
1.488,3.934840336204922e-21,-5.323400643255379e-18,(-9.278336411052666e-21-3.220472732302352e-20j)
1.489,3.934983628570999e-21,-5.3228157769730906e-18,(-2.5627257578151103e-22-2.712597822871205e-20j)
1.49,3.933443654177342e-21,-5.327177265613648e-18,(-2.165399189476675e-20-2.7649638629864927e-20j)
1.491,3.932256064066827e-21,-5.325016825145235e-18,(-8.822085160662777e-21-3.0413014162319064e-20j)
1.492,3.931119356536014e-21,-5.3322106061051955e-18,(-5.093550673690655e-21-3.2674427450507636e-20j)
1.493,3.931340782349269e-21,-5.3305850286763515e-18,(-4.7469774837352316e-21-2.9435611282591653e-20j)
1.494,3.929669336391094e-21,-5.328728871098324e-18,(-2.8048478019808467e-21-4.094589230579287e-20j)
1.495,3.9294713541448625e-21,-5.332679598004589e-18,(-7.921907550278883e-21-3.3830782744538005e-20j)
1.496,3.9288399094237525e-21,-5.331057447167998e-18,(-8.832089315869325e-21-2.851878318755216e-20j)
1.497,3.927912895156507e-21,-5.331690490426345e-18,(-9.485098379741377e-21-4.352571941606469e-20j)
1.498,3.9281551132201054e-21,-5.331462448763378e-18,(-5.245703670833928e-21-2.020927931406245e-20j)
1.499,3.9266998486784466e-21,-5.330604763591951e-18,(-1.5508024137131937e-20-3.509272595817592e-20j)
1.5,3.926075935440261e-21,-5.335750830328873e-18,(-5.4069723455371e-21-3.7083925833784045e-20j)
1.501,3.925432354586661e-21,-5.339121478030562e-18,(-2.80017969906884e-21-3.2345480821728964e-20j)
1.502,3.92508362821346e-21,-5.336938524800683e-18,(-4.1960455103158345e-22-3.283139489145554e-20j)
1.503,3.9242891179612555e-21,-5.344982686853201e-18,(-3.783693423125269e-21-2.978045726987852e-20j)
1.504,3.924086867165623e-21,-5.335657466089775e-18,(-4.510626565248073e-21-3.367416616699827e-20j)
1.505,3.923272079842776e-21,-5.335724973029795e-18,(-6.156563397168994e-22-3.165640888338149e-20j)
1.506,3.922539397667765e-21,-5.340428286643565e-18,(-2.432311908321339e-20-2.1050962838987782e-20j)
1.507,3.921475901241481e-21,-5.334980224837276e-18,(-5.946679267505447e-21-7.233693608625424e-21j)
1.508,3.923371026511291e-21,-5.338068457495786e-18,(7.382017793288181e-21-2.7566575964127627e-21j)
1.509,3.920827584721177e-21,-5.3406049866589174e-18,(1.2194311767919916e-20-2.1725316793052468e-20j)
1.51,3.920456590774518e-21,-5.343021836264123e-18,(-1.2434774105883077e-20-2.612830259412494e-20j)
1.511,3.920465857994143e-21,-5.343959146060986e-18,(1.5676945245379495e-20-2.963625783765575e-20j)
1.512,3.918630141180525e-21,-5.341232727618394e-18,(1.6983121933527888e-20-1.0477469129150779e-20j)
1.513,3.918720367788013e-21,-5.340532525711133e-18,(-7.445190941405566e-21-4.195016871564566e-21j)
1.514,3.9182073849316985e-21,-5.340313552565016e-18,(-1.4469139548594466e-20-1.5977900927477372e-20j)
1.515,3.9174328829571e-21,-5.338788364721821e-18,(4.731270285151879e-21-3.0528146146482054e-20j)
1.516,3.9171692198815484e-21,-5.3418429917402744e-18,(-3.624718251895638e-21-2.6363259203687794e-20j)
1.517,3.917032716878141e-21,-5.337878058215735e-18,(5.9652048899016846e-21-3.3283387985943775e-20j)
1.518,3.916447378348121e-21,-5.346134322194355e-18,(3.553631216706178e-21-4.046704725891838e-20j)
1.519,3.916386402630752e-21,-5.340635748655569e-18,(-1.3758501553049852e-21-4.289017021580608e-20j)
1.52,3.915370224170447e-21,-5.349543468736071e-18,(-9.695052018073595e-21-3.418586495068139e-20j)
1.521,3.9152587631701266e-21,-5.348847956433653e-18,(-8.723390702158612e-21-4.413553698544903e-20j)
1.522,3.914411823512741e-21,-5.346605688635494e-18,(-3.8873282705325615e-21-3.641780348807508e-20j)
1.523,3.913951616994723e-21,-5.346317844717424e-18,(5.774043473666128e-21-3.8031348971112477e-20j)
1.524,3.9136011436924794e-21,-5.351310873971345e-18,(-4.393672457482517e-21-4.7183198151051514e-20j)
1.525,3.9130424791889535e-21,-5.3489674180806525e-18,(3.472384623256746e-21-3.471790104527726e-20j)
1.526,3.913237049165013e-21,-5.350017997805299e-18,(-1.7702251808662505e-20-2.2130052313379893e-20j)
1.527,3.9122904824326124e-21,-5.354410338146799e-18,(-1.1150026322239698e-20-3.3553484560410614e-21j)
1.528,3.911854577681227e-21,-5.352830237111366e-18,(1.7719551944598864e-20-7.095450683809185e-21j)
1.529,3.910975908362113e-21,-5.353781754237821e-18,(1.5615107151913892e-20-2.8091293485297846e-20j)
1.53,3.911877892937073e-21,-5.353704580611965e-18,(-1.2932332254106164e-20-2.4771046179840557e-20j)
1.531,3.911063079424985e-21,-5.356974441533941e-18,(1.423219562647508e-20-2.8824629130331865e-20j)
1.532,3.90971902949661e-21,-5.3592642765486976e-18,(2.1614792678874015e-20-8.211284470864615e-21j)
1.533,3.909306340196953e-21,-5.356413867458586e-18,(-9.53003080394653e-21-2.7353218999797867e-22j)
1.534,3.909463511777049e-21,-5.3548689782183914e-18,(-2.552976582781558e-20-2.0356819181874533e-20j)
1.535,3.90940263158809e-21,-5.359677693297277e-18,(-9.885592732901557e-21-3.7706549347311376e-20j)
1.536,3.908654283485795e-21,-5.3521619389461665e-18,(-1.6776829908939127e-20-1.9468527052704285e-20j)
1.537,3.909102255819103e-21,-5.3625062521458606e-18,(-5.923783245928193e-21-6.390370569492323e-21j)
1.538,3.9089857517727755e-21,-5.3560907007060394e-18,(1.8453952579809877e-20-4.654170429910807e-21j)
1.539,3.9074761697161554e-21,-5.3590735600750136e-18,(1.53695729922543e-20-2.2437522412100778e-20j)
1.54,3.908243330967816e-21,-5.36051593839116e-18,(-4.791054878024238e-21-5.0930676684680346e-20j)
1.541,3.906224210505864e-21,-5.366143693276327e-18,(1.0595572769440792e-20-2.4165980727142707e-20j)
1.542,3.90741398205069e-21,-5.359819136190599e-18,(2.534498582455383e-20+5.4928458636388486e-21j)
1.543,3.905924937719409e-21,-5.364026267876429e-18,(-6.83613431483836e-21-3.1069961018740246e-21j)
1.544,3.907393686638396e-21,-5.35796212539888e-18,(-1.8929134113994024e-20-2.3055725256496846e-20j)
1.545,3.90517387164703e-21,-5.3632636359005524e-18,(-1.0828637334977874e-20-3.379175029903444e-20j)
1.546,3.906573139416658e-21,-5.361196712495641e-18,(-1.2433221551432652e-20-4.7902555948786086e-20j)
1.547,3.905095644899068e-21,-5.362678309942991e-18,(-5.2049494961075805e-21-2.0773673543894545e-20j)
1.548,3.906409393412202e-21,-5.358441894740248e-18,(-2.7270505576106733e-21-4.7122065669365706e-20j)
1.549,3.9057076738449825e-21,-5.363699775353211e-18,(-3.563577273912168e-22-3.4309143712663627e-20j)
1.55,3.90558353593496e-21,-5.365934626898889e-18,(1.4449506158985886e-21-2.350654563824628e-20j)
1.551,3.9051528938555455e-21,-5.363433310746375e-18,(2.8365870828685614e-21-3.951887037446115e-20j)
1.552,3.90513569384396e-21,-5.367572890808948e-18,(-4.5376980859485545e-21-4.596093865365886e-20j)
1.553,3.904721358287933e-21,-5.369278912273847e-18,(-7.22574114112871e-21-4.1541064845224093e-20j)
1.554,3.9038513193106425e-21,-5.373537812490863e-18,(-4.134284597708673e-21-4.1363403706961576e-20j)
1.555,3.9039854240659985e-21,-5.367543764731966e-18,(3.40815693761361e-21-4.1868111403487964e-20j)
1.556,3.904261991629595e-21,-5.371514406107752e-18,(3.338106389479061e-21-3.3452988082746026e-20j)
1.557,3.903162428973218e-21,-5.367380290475428e-18,(-4.579795050068134e-22-3.3398005121102855e-20j)
1.558,3.9037886302391505e-21,-5.3630536953356296e-18,(-3.590260175946846e-21-3.061584606838285e-20j)
1.559,3.903828994063774e-21,-5.3685789990949026e-18,(4.6100779020867294e-21-3.279012572702719e-20j)
1.56,3.903716892874317e-21,-5.370842810286884e-18,(-2.382168743032685e-21-3.8769942617387844e-20j)
1.561,3.902941209993522e-21,-5.3711352516290455e-18,(4.480848758533806e-22-5.599164008143428e-20j)
1.562,3.902528212703009e-21,-5.371542903551078e-18,(5.549210727941054e-21-4.2457405785451105e-20j)
1.563,3.902532296570346e-21,-5.374623978516772e-18,(-4.275038937405422e-21-4.7572190569710137e-20j)
1.564,3.902251781552714e-21,-5.375735520916121e-18,(-6.0613865428483595e-22-4.2664007826435355e-20j)
1.565,3.902317273658887e-21,-5.376983109075441e-18,(1.0507657053447257e-20-3.704890179044403e-20j)
1.566,3.901910719423241e-21,-5.372797049559934e-18,(-7.677758111243885e-21-3.287915715420683e-20j)
1.567,3.902917678489398e-21,-5.3675390493574764e-18,(-6.6962952784673955e-22-4.7028976714326624e-20j)
1.568,3.9017477868996735e-21,-5.3730003998360625e-18,(6.598951138505368e-21-3.3811116626270133e-20j)
1.569,3.901804608393616e-21,-5.374528366960329e-18,(-3.498633938275285e-21-4.3821306775010655e-20j)
1.57,3.9026398233767955e-21,-5.375132191256213e-18,(6.865283006120862e-21-3.57281772297931e-20j)
1.571,3.901293461338663e-21,-5.376608332124575e-18,(5.283067434360407e-21-3.440769626455159e-20j)
1.572,3.901495087838441e-21,-5.37157083944221e-18,(-9.647551604460814e-22-2.6321080299475398e-20j)
1.573,3.902041723756529e-21,-5.374073310844956e-18,(-4.509926303072334e-21-3.0940297429467057e-20j)
1.574,3.9012035675131785e-21,-5.3776761833923376e-18,(3.0463682759049453e-21-2.8996293391895145e-20j)
1.575,3.9010673767546e-21,-5.381091513092134e-18,(-4.100821869544378e-21-3.249065701707593e-20j)
1.576,3.901516106622676e-21,-5.372162202881264e-18,(-8.13439967431092e-21-3.4470407330898575e-20j)
1.577,3.901518689148508e-21,-5.3759808751493116e-18,(-5.235658289443578e-21-3.2964625343015595e-20j)
1.578,3.900689521432904e-21,-5.377225731523435e-18,(1.1440431272811677e-20-4.717656888020795e-20j)
1.579,3.9020504507424504e-21,-5.380202699935908e-18,(-1.2878334344862008e-20-4.579280073759858e-20j)
1.58,3.90092207951663e-21,-5.379492297391538e-18,(4.521939602630229e-21-3.90706213590923e-20j)
1.581,3.9015545341680664e-21,-5.383988003186544e-18,(3.554316525617486e-21-4.222480052047061e-20j)
1.582,3.9013563764420456e-21,-5.3742882420315226e-18,(-6.102347011411577e-21-5.759881421669151e-20j)
1.583,3.901774039199006e-21,-5.378672698876298e-18,(2.890374954258416e-22-4.033273396417741e-20j)
1.584,3.90094364311043e-21,-5.3821119982182186e-18,(-2.460320884661382e-21-4.5783756209568724e-20j)
1.585,3.901975734472302e-21,-5.380744981899323e-18,(8.72966359414786e-22-3.562923540460525e-20j)
1.586,3.901665145138383e-21,-5.381443074461733e-18,(-3.2983262943099523e-21-4.8946167391311586e-20j)
1.587,3.901461670919213e-21,-5.381616043404142e-18,(9.94465735952443e-22-4.334418150786993e-20j)
1.588,3.901137123199642e-21,-5.382376145602285e-18,(8.59048577557265e-21-3.68325803163642e-20j)
1.589,3.901596310464026e-21,-5.3833186814722496e-18,(1.2024848790227686e-20-4.2357119854555974e-20j)
1.59,3.9006924331402226e-21,-5.3798403922001666e-18,(-7.208572546201646e-21-3.914804016283416e-20j)
1.591,3.902056816208949e-21,-5.380469892745908e-18,(2.707977576704714e-21-4.034640685957238e-20j)
1.592,3.901670382522249e-21,-5.380880883948497e-18,(-1.4535136967814833e-23-3.536960914558434e-20j)
1.593,3.9005582449929065e-21,-5.3819796724894824e-18,(1.1562682870951815e-21-4.7612190472718026e-20j)
1.594,3.9015464070509005e-21,-5.378182083695336e-18,(-9.991987703946064e-24-4.2559738810455717e-20j)
1.595,3.901616911890842e-21,-5.380579543873255e-18,(3.503037406834983e-21-3.6163179216817806e-20j)
1.596,3.902219511452557e-21,-5.378590741757395e-18,(-2.1108583121714013e-21-3.3157143679224336e-20j)
1.597,3.901874173109638e-21,-5.384556538792054e-18,(1.0917937891825287e-20-4.2429889679768776e-20j)
1.598,3.9019589601109165e-21,-5.38155064881846e-18,(2.6800698838498828e-21-4.787811540091455e-20j)
1.599,3.902451354541441e-21,-5.384776308029915e-18,(-5.436259036156858e-21-4.8186207828400274e-20j)
1.6,3.902539816216961e-21,-5.385987573321537e-18,(1.0164201971097692e-20-4.336852937942949e-20j)
1.601,3.9025678302534146e-21,-5.381944099749597e-18,(1.052117572255152e-20-4.863594255549816e-20j)
1.602,3.90285709090404e-21,-5.384489844298057e-18,(-1.3284022076226186e-21-5.485960115262259e-20j)
1.603,3.902723371702782e-21,-5.383923879892751e-18,(8.355300620505e-21-4.025052354249586e-20j)
1.604,3.9023136812055685e-21,-5.381967731709095e-18,(9.520132208129253e-21-4.0523334664971e-20j)
1.605,3.903389239537341e-21,-5.3807125184088144e-18,(4.251422426972421e-21-5.0918155504037716e-20j)
1.606,3.9045908794151606e-21,-5.386639623177235e-18,(-1.245678360394754e-21-5.056622561216416e-20j)
1.607,3.9038810413060844e-21,-5.3832846563878214e-18,(6.180366709637374e-21-4.051871606666019e-20j)
1.608,3.904251215982491e-21,-5.381307105895783e-18,(1.2160032894170076e-20-4.0851909424458115e-20j)
1.609,3.904341450541768e-21,-5.389565530306671e-18,(9.015268807976635e-23-3.961813441862383e-20j)
1.61,3.9052303531200994e-21,-5.382525270621691e-18,(-2.941655999771094e-21-4.2112869386496095e-20j)
1.611,3.9051988359265074e-21,-5.387161094424231e-18,(1.3300734014107237e-20-4.516792071584774e-20j)
1.612,3.905360679853602e-21,-5.3831805294925436e-18,(-8.561385438760273e-21-4.217164335939792e-20j)
1.613,3.906064811909391e-21,-5.385395277698771e-18,(1.2769728710605943e-20-4.4122142212885336e-20j)
1.614,3.906190960543784e-21,-5.388691338377152e-18,(8.256144236392243e-21-5.3983790818506366e-20j)
1.615,3.905310227061783e-21,-5.387856515263062e-18,(-7.611489920564322e-21-3.149668579124437e-20j)
1.616,3.907590624358305e-21,-5.379168460510852e-18,(1.7835881995144327e-20-4.5028747085403904e-20j)
1.617,3.906779542061428e-21,-5.3844245338717606e-18,(3.767628882063836e-21-5.1254398765229817e-20j)
1.618,3.9077200004051265e-21,-5.3865088689787155e-18,(-1.151098763232048e-21-5.3958395507076415e-20j)
1.619,3.9085130240308745e-21,-5.384820464906833e-18,(-3.5410817218463976e-21-3.871006914149834e-20j)
1.62,3.9072169337401665e-21,-5.3906179814751255e-18,(-3.7188213053135306e-21-4.582931123466169e-20j)
1.621,3.907874088722123e-21,-5.389686822228516e-18,(-1.4952550815232695e-21-3.690534068696472e-20j)
1.622,3.908824603184652e-21,-5.38370868054549e-18,(1.669671553168784e-20-3.532283675225122e-20j)
1.623,3.90932800802949e-21,-5.386585006163373e-18,(-7.635727893277068e-22-3.1858626823962535e-20j)
1.624,3.9101596321298316e-21,-5.381209932148517e-18,(1.1854816898580287e-21-3.4770942171623817e-20j)
1.625,3.9105780454313515e-21,-5.383406743294348e-18,(7.620241977436773e-21-4.0106196014446315e-20j)
1.626,3.911079415666525e-21,-5.384744765205002e-18,(8.8075266951053e-22-4.7979223420619234e-20j)
1.627,3.911286507503022e-21,-5.382011614697034e-18,(9.526571254725887e-21-3.949750143980572e-20j)
1.628,3.912008661413101e-21,-5.3790086752144535e-18,(-1.1825414661083714e-21-4.4504834217318e-20j)
1.629,3.913301218113988e-21,-5.3787268905012835e-18,(-6.541989780192817e-23-4.293591901420769e-20j)
1.63,3.912581560221086e-21,-5.379402237845568e-18,(8.054698007800287e-21-4.632808433106164e-20j)
1.631,3.913462582701182e-21,-5.38436743738384e-18,(-3.3562704513541024e-21-3.839847691530884e-20j)
1.632,3.914359511316463e-21,-5.3771474545392206e-18,(-6.602853303318232e-22-5.093225051582135e-20j)
1.633,3.9153170345532615e-21,-5.380216478244062e-18,(4.0219497679259424e-21-4.462891767223142e-20j)
1.634,3.915773669249475e-21,-5.378768191898023e-18,(1.3355864480742239e-20-4.720338040143377e-20j)
1.635,3.915980728506042e-21,-5.378562367399015e-18,(-4.792150840177219e-22-4.650072835254361e-20j)
1.636,3.916016761289824e-21,-5.380381865229861e-18,(-4.716750340811997e-22-3.059686348533814e-20j)
1.637,3.916901653579695e-21,-5.382100118735795e-18,(3.7125011292921354e-21-4.214832611913095e-20j)
1.638,3.918313433479961e-21,-5.372938116567586e-18,(2.825819336752639e-21-3.924079641586454e-20j)
1.639,3.9193483938548294e-21,-5.376258183839905e-18,(8.512272402694737e-22-5.227794250454482e-20j)
1.64,3.919054777580345e-21,-5.3776884869764824e-18,(7.83194881706397e-21-4.514848100144114e-20j)
1.641,3.92015829259913e-21,-5.372605019331303e-18,(4.738530499754038e-21-4.518769689038456e-20j)
1.642,3.920087660771028e-21,-5.378495556572443e-18,(4.4938303574382476e-21-4.426174985411322e-20j)
1.643,3.9214499739149435e-21,-5.3750547241917346e-18,(1.6046078591962443e-21-4.670091677274464e-20j)
1.644,3.921929145759568e-21,-5.37379059557026e-18,(1.4509944266635375e-21-3.8489850982478907e-20j)
1.645,3.923946827744194e-21,-5.376157629860752e-18,(1.1462937930097875e-21-4.7276455378056536e-20j)
1.646,3.923798079913916e-21,-5.3746594236786836e-18,(7.42526463123958e-21-3.91645665840766e-20j)
1.647,3.92489029963269e-21,-5.3737364132241126e-18,(9.934782431868793e-21-5.435130391507998e-20j)
1.648,3.925392853501748e-21,-5.374424877323274e-18,(5.9951851881918105e-21-4.3561342270672723e-20j)
1.649,3.9261142954870564e-21,-5.37794017884403e-18,(1.1465002411635384e-20-3.982043624339609e-20j)
1.65,3.927175145460943e-21,-5.3766437222736155e-18,(1.0188470097085969e-20-4.4211300430643555e-20j)
1.651,3.927449572365958e-21,-5.372602967908667e-18,(7.980118185420362e-21-4.522826597455831e-20j)
1.652,3.9281164733841744e-21,-5.371872941838553e-18,(4.287404254917379e-21-4.6851125381482457e-20j)
1.653,3.9291299474410765e-21,-5.367460237041293e-18,(-3.075950631513529e-21-4.540874469820666e-20j)
1.654,3.930821609839504e-21,-5.37262153104517e-18,(7.106429329497376e-21-4.468935736527761e-20j)
1.655,3.931804291709452e-21,-5.371136192115575e-18,(9.241637913706419e-21-4.248605971628052e-20j)
1.656,3.932444121885009e-21,-5.3684455901811805e-18,(1.1453585891774642e-20-5.300084648242917e-20j)
1.657,3.9329945426261965e-21,-5.371599284304039e-18,(1.1994554068960772e-20-3.6287233573682533e-20j)
1.658,3.93380408508222e-21,-5.365983775184815e-18,(1.2690441553741172e-20-3.901517020886592e-20j)
1.659,3.935086048686566e-21,-5.3661733216253165e-18,(1.9007560374197275e-21-4.740979507973147e-20j)
1.66,3.9366227369998706e-21,-5.3698213892934585e-18,(1.1322982684284009e-20-5.125119566437006e-20j)
1.661,3.937228964985567e-21,-5.366793907769849e-18,(7.730163764468733e-21-5.0568394538891427e-20j)
1.662,3.9378417469374654e-21,-5.364882794382403e-18,(4.817916266406503e-21-4.36243547368376e-20j)
1.663,3.938594699784702e-21,-5.36625940460625e-18,(4.766079099058389e-22-4.5894344774941085e-20j)
1.664,3.94038232628627e-21,-5.361302284764846e-18,(9.94012136936054e-21-4.6339007314688495e-20j)
1.665,3.94111063171542e-21,-5.3657880912239645e-18,(4.150411067196635e-21-5.0171734401400965e-20j)
1.666,3.94239157526366e-21,-5.362254749928096e-18,(-6.0907207541159405e-21-4.259419642639722e-20j)
1.667,3.943225904351701e-21,-5.365918477976923e-18,(1.111941670894634e-20-5.2885709857483703e-20j)
1.668,3.94428265456038e-21,-5.362161646648624e-18,(5.8221792530201774e-21-3.559735417891562e-20j)
1.669,3.945032627273538e-21,-5.3604667780543156e-18,(-2.942106563910508e-21-3.117833607592473e-20j)
1.67,3.944879908343697e-21,-5.367089827560342e-18,(-7.309238643345746e-21-4.296746446618826e-20j)
1.671,3.9470249187563805e-21,-5.357593886460967e-18,(-1.0015154408328307e-22-5.030537647252935e-20j)
1.672,3.9485181487286185e-21,-5.3491684717778185e-18,(-3.515909225894371e-22-3.072134277037802e-20j)
1.673,3.949228168695721e-21,-5.354595212944632e-18,(-3.1732425259828045e-21-3.981071531884491e-20j)
1.674,3.950195662349025e-21,-5.358729437142882e-18,(1.3311543262760925e-20-4.4687550723797303e-20j)
1.675,3.950895280483571e-21,-5.3580285222289866e-18,(-3.0278903352309487e-21-5.0752225490684136e-20j)
1.676,3.951430705574188e-21,-5.362907812456563e-18,(9.034183385073913e-21-4.1262922708575506e-20j)
1.677,3.9530645336729106e-21,-5.354178093570282e-18,(5.024298444830646e-21-4.114196119406163e-20j)
1.678,3.953879094259296e-21,-5.354336076470902e-18,(1.153192695938616e-20-4.643345911534094e-20j)
1.679,3.954448648199596e-21,-5.357387308701004e-18,(8.765660250151808e-21-4.045425937723848e-20j)
1.68,3.955614959686307e-21,-5.353677816387381e-18,(6.138273672220445e-21-3.584142616829863e-20j)
1.681,3.956412730513694e-21,-5.3577222793785474e-18,(-2.502430369430151e-21-4.393686175204023e-20j)
1.682,3.957752136718969e-21,-5.355978219635466e-18,(9.344422842485652e-21-4.8011004034386014e-20j)
1.683,3.958072471789271e-21,-5.349449797283108e-18,(4.490459117931173e-21-4.828513030159531e-20j)
1.684,3.959982379816738e-21,-5.3554325263493104e-18,(8.097362267651007e-21-4.4057939038082857e-20j)
1.685,3.960122643682819e-21,-5.352171128679159e-18,(5.171222543057474e-21-3.776216277242308e-20j)
1.686,3.960784826412795e-21,-5.350194846196761e-18,(1.7190829355749704e-20-4.912445071557254e-20j)
1.687,3.962180724534912e-21,-5.3563195598967405e-18,(3.702729306134166e-21-3.943343283431651e-20j)
1.688,3.962379930279846e-21,-5.34591873939202e-18,(-7.90734195645343e-21-3.6932147575875763e-20j)
1.689,3.9630930200905635e-21,-5.349078622482626e-18,(-1.895403319635127e-21-3.0851395505862503e-20j)
1.69,3.96409157692586e-21,-5.353453749467996e-18,(1.0171879393845113e-20-3.255917486469975e-20j)
1.691,3.965171139807506e-21,-5.346836997909843e-18,(7.804264866062551e-21-4.648690945749488e-20j)
1.692,3.9657465354259444e-21,-5.343425841002603e-18,(-1.6543687897048464e-22-3.708594441876964e-20j)
1.693,3.966168983760374e-21,-5.351405732743317e-18,(3.1336871328793976e-21-4.116909817189293e-20j)
1.694,3.967545484856628e-21,-5.347755658979346e-18,(6.738086219498405e-21-3.793073171587919e-20j)
1.695,3.96782698781532e-21,-5.350723770429727e-18,(7.596726288242039e-21-4.016715645359128e-20j)
1.696,3.96912596398723e-21,-5.35207134529972e-18,(-3.0702067426564793e-21-4.2796131021543883e-20j)
1.697,3.96972218287205e-21,-5.3534788675315936e-18,(-2.899420680902485e-21-3.533877205853778e-20j)
1.698,3.9704538905803806e-21,-5.3515902189947564e-18,(9.234326816403618e-21-4.1236840792355985e-20j)
1.699,3.970886043268038e-21,-5.345911886794096e-18,(1.509400432213185e-20-3.033901899017415e-20j)
1.7,3.9720113386609934e-21,-5.356000314085248e-18,(9.969792430750153e-22-3.339203429676146e-20j)
1.701,3.972203964055007e-21,-5.351870150656124e-18,(3.5752494386018826e-21-4.7327850113933807e-20j)
1.702,3.972689538771838e-21,-5.3506180810378145e-18,(2.916709783523583e-21-5.031467624250679e-20j)
1.703,3.973339837019096e-21,-5.355068722068465e-18,(-2.6756724363325813e-22-4.594646319656066e-20j)
1.704,3.973740630848462e-21,-5.3505459334600364e-18,(3.568819783468694e-21-4.2422711754316065e-20j)
1.705,3.9750147003650325e-21,-5.35022703220749e-18,(-3.403560164816781e-21-4.6502879372094115e-20j)
1.706,3.9752903499593646e-21,-5.349501386721281e-18,(3.0209187445600233e-21-3.0723292211339615e-20j)
1.707,3.9760576925320514e-21,-5.349702505198508e-18,(-3.0432058697859342e-21-4.4410990228218686e-20j)
1.708,3.976497403420451e-21,-5.347497603279705e-18,(-4.434545462338426e-21-4.4904640347142664e-20j)
1.709,3.97659165997155e-21,-5.3491007299843635e-18,(6.5989089295977066e-21-4.5459421878879524e-20j)
1.71,3.9775646467355665e-21,-5.348942990579232e-18,(3.6051920971153045e-21-5.059635174896311e-20j)
1.711,3.978089864039162e-21,-5.348363540595697e-18,(2.310988054458913e-20-2.3219529675647467e-20j)
1.712,3.978369617818562e-21,-5.347989702655927e-18,(1.2801275077513887e-20-2.6800231042924606e-21j)
1.713,3.9787502900538494e-21,-5.356446394820707e-18,(1.5026503157268125e-21+7.038585225693251e-21j)
1.714,3.9799346942601424e-21,-5.352455957680056e-18,(-2.657285204394544e-20-2.0538566678704363e-20j)
1.715,3.980045606869338e-21,-5.34358860700989e-18,(3.5330753443134735e-21-4.379894772382138e-20j)
1.716,3.9803268852468965e-21,-5.3496976101054155e-18,(-2.6381829522264947e-21-5.0884389804808367e-20j)
1.717,3.981077172031773e-21,-5.34882585100587e-18,(6.577663241345057e-21-3.704540801314246e-20j)
1.718,3.981144432536011e-21,-5.34886994306961e-18,(5.038220113450506e-21-3.420571681736177e-20j)
1.719,3.9818065135590045e-21,-5.3468622417030175e-18,(8.72967856285939e-21-3.6804996940709584e-20j)
1.72,3.982167109596706e-21,-5.347938934879767e-18,(1.2743799900331769e-20-4.426436443480718e-20j)
1.721,3.982801712162772e-21,-5.350361726044938e-18,(-2.0045475921854736e-20-1.3634535739991363e-20j)
1.722,3.983499959822699e-21,-5.349597243684385e-18,(-2.319307793148372e-21+8.362233316348314e-21j)
1.723,3.983474745534996e-21,-5.352008311924645e-18,(2.488024666809941e-20-1.2675156395509341e-21j)
1.724,3.984276245901865e-21,-5.349019802485863e-18,(1.501270682187778e-20-3.0206031599838087e-20j)
1.725,3.984375898883695e-21,-5.349822772974231e-18,(-5.277489475241069e-21-4.9208698137453224e-20j)
1.726,3.98428883203273e-21,-5.345752593367672e-18,(2.876161277323972e-20-2.9782598202529845e-20j)
1.727,3.985200754408705e-21,-5.3501962541803436e-18,(2.2379088147476947e-20+7.1385078543432e-21j)
1.728,3.985363705595949e-21,-5.347816823079355e-18,(-2.3572011258068706e-21+2.73706821580079e-22j)
1.729,3.985436497997002e-21,-5.352547010517844e-18,(-1.3671898537491298e-20-1.856390641331029e-20j)
1.73,3.986126924806545e-21,-5.354080422021091e-18,(-2.98693673568823e-21-3.935316836615024e-20j)
1.731,3.986337192309939e-21,-5.351640720440175e-18,(-2.309917538416026e-20-1.768218577890496e-20j)
1.732,3.986802148274606e-21,-5.352414436100935e-18,(1.1166242376687367e-20+1.415934931104003e-20j)
1.733,3.9869967615586256e-21,-5.3571930822523725e-18,(2.4247843059955064e-20+2.039766348651529e-21j)
1.734,3.9873766662949555e-21,-5.356010258784637e-18,(2.4548867539233268e-20-2.330799407431436e-20j)
1.735,3.988135994347321e-21,-5.349560219214549e-18,(3.619671027317005e-22-4.006854428736526e-20j)
1.736,3.9882601628672644e-21,-5.351156592014376e-18,(-1.4929346401090965e-21-4.4642269143809026e-20j)
1.737,3.988500376706706e-21,-5.35454563016386e-18,(-3.409183097713217e-21-3.895974582181616e-20j)
1.738,3.98877992195764e-21,-5.355475420728099e-18,(-2.6894552716555694e-21-4.060222836739343e-20j)
1.739,3.988495873985336e-21,-5.3558682791863026e-18,(-8.621078350443055e-22-4.802231877836129e-20j)
1.74,3.988905592460141e-21,-5.353433975671162e-18,(9.364057279819681e-21-3.4745308147231305e-20j)
1.741,3.989880500086666e-21,-5.3560241659748805e-18,(5.434086067499462e-21-3.8683986396629437e-20j)
1.742,3.989855734360108e-21,-5.361020102512594e-18,(2.9449694996816424e-21-3.6134411759331746e-20j)
1.743,3.9903502504340986e-21,-5.3560881370742905e-18,(5.958473932823215e-21-4.835010156133758e-20j)
1.744,3.990411277039131e-21,-5.3571409226922474e-18,(-3.913598570645379e-21-4.792262446454615e-20j)
1.745,3.991003237381217e-21,-5.3601522241591655e-18,(6.1862169525226055e-21-4.4175628751502983e-20j)
1.746,3.990754164962425e-21,-5.3560482364940856e-18,(2.628725015391476e-21-4.57418545655367e-20j)
1.747,3.9911536851279326e-21,-5.3590679958196016e-18,(-1.1195941762814977e-21-3.41369108092847e-20j)
1.748,3.991536111911075e-21,-5.360144680687419e-18,(5.251856212995907e-21-3.474102329851068e-20j)
1.749,3.991946529998775e-21,-5.363582060980251e-18,(-6.7397528971494375e-21-4.099099249670258e-20j)
1.75,3.992170179765754e-21,-5.358166296914323e-18,(2.4112057643306116e-21-4.292378737080503e-20j)
1.751,3.992450684649939e-21,-5.35757058358043e-18,(-4.484237385300183e-21-3.47290451755705e-20j)
1.752,3.9930697311247e-21,-5.3621350801899505e-18,(-6.787306327152006e-21-4.5219871125860034e-20j)
1.753,3.9929628112530545e-21,-5.36273603164029e-18,(3.1639189546280123e-21-2.8193419027442245e-20j)
1.754,3.992741139717259e-21,-5.360294360103247e-18,(2.4544756039545722e-21-3.4393056454942e-20j)
1.755,3.993576883528216e-21,-5.356019412728259e-18,(-6.5224807190803346e-21-4.154046058358417e-20j)
1.756,3.9941945032437594e-21,-5.363566474683078e-18,(-1.8160530508470122e-21-2.9064204212783416e-20j)
1.757,3.9942411175639705e-21,-5.3662504245646e-18,(-8.782907043659903e-21-3.4315268810489404e-20j)
1.758,3.994084214248553e-21,-5.366657608542522e-18,(-5.2538435867117385e-21-4.0813431561114957e-20j)
1.759,3.9943604173435514e-21,-5.362138172268513e-18,(1.828060197979693e-21-3.4131970521521833e-20j)
1.76,3.994376754502285e-21,-5.361197505717229e-18,(1.1219902368743764e-20-4.548535621564592e-20j)
1.761,3.995235338234864e-21,-5.36660771135626e-18,(-5.087379130626906e-21-4.470551701349718e-20j)
1.762,3.9956574238054805e-21,-5.364280549111512e-18,(-5.423240565584632e-21-4.687165842676801e-20j)
1.763,3.995921460960949e-21,-5.3681372178985364e-18,(6.82848841466005e-21-4.14046794189128e-20j)
1.764,3.996052670865895e-21,-5.3738073816448465e-18,(-3.928233571006636e-21-3.7986448806842015e-20j)
1.765,3.996272113399228e-21,-5.373729594946416e-18,(-1.376912531703102e-20-2.6948407276319494e-20j)
1.766,3.996202772283438e-21,-5.36956567738538e-18,(1.593482860492215e-20-4.4184147055085377e-20j)
1.767,3.996914238650463e-21,-5.373710018117596e-18,(-1.949098832413703e-21-3.9933646935576513e-20j)
1.768,3.997048971378058e-21,-5.373400092210676e-18,(7.242603147916822e-21-2.5942143578870663e-20j)
1.769,3.997163768482321e-21,-5.374730486679634e-18,(1.0919076592681877e-21-4.661743063359594e-20j)
1.77,3.9977529803940845e-21,-5.374776284789006e-18,(5.912352667788829e-21-2.408869543475201e-20j)
1.771,3.997887834575429e-21,-5.3735532420877765e-18,(1.8012636445143477e-20-3.199992340533727e-20j)
1.772,3.9982872524297774e-21,-5.3696900693045986e-18,(2.3868015060094743e-20+1.6502847117930926e-21j)
1.773,3.9977250978058855e-21,-5.374161085320972e-18,(5.565272930435914e-21+1.4871831180204263e-20j)
1.774,3.998713379533699e-21,-5.372893189094309e-18,(-1.7629547993406437e-20-2.0766448128034133e-20j)
1.775,3.998336130381154e-21,-5.375904548848028e-18,(-4.02537660682472e-21-2.949618047492585e-20j)
1.776,3.998941877227415e-21,-5.373691752794362e-18,(-5.690781549550218e-21-3.664973969745243e-21j)
1.777,3.99923695337123e-21,-5.378143010696386e-18,(3.743584950750179e-21+1.6830852463889358e-20j)
1.778,3.999330947981595e-21,-5.375729002125178e-18,(1.5870707047395593e-20-6.956926505898016e-21j)
1.779,3.99908404927749e-21,-5.3789519822002026e-18,(2.6945681702278543e-20-2.936013861213688e-20j)
1.78,3.9997933803683105e-21,-5.384296867273116e-18,(4.912223719118501e-21-4.102791807376089e-20j)
1.781,4.000121594718117e-21,-5.3788469556739416e-18,(-5.191584934306484e-21-2.974484763450244e-20j)
1.782,4.000440239592354e-21,-5.384209587978468e-18,(-7.697072825235633e-22-4.529903878284793e-20j)
1.783,4.0005601536839915e-21,-5.377595335951571e-18,(-1.859432284910441e-21-4.2607110958405677e-20j)
1.784,4.000256972779158e-21,-5.377665936429982e-18,(-4.34790575221465e-21-4.546173714964778e-20j)
1.785,4.000615211393042e-21,-5.3715624979901155e-18,(-3.232011283130236e-21-2.9473185637906975e-20j)
1.786,4.000475642254879e-21,-5.3830706531257495e-18,(-3.5031000347222308e-22-4.796455203537715e-20j)
1.787,4.000965922148753e-21,-5.386366127955523e-18,(1.1023458825294172e-20-3.4783600247985725e-20j)
1.788,4.001371325140976e-21,-5.388200642959092e-18,(-6.3557885639632655e-21-3.513224257155021e-20j)
1.789,4.001603119456242e-21,-5.388788530082262e-18,(-6.7476575772147384e-21-3.7030318166837823e-20j)
1.79,4.001565875820652e-21,-5.383417813949005e-18,(2.5956555423961807e-21-3.500344297013147e-20j)
1.791,4.001870604190826e-21,-5.380252018675661e-18,(4.651993813974657e-20-3.435202245351637e-20j)
1.792,4.002414442286934e-21,-5.388584958701638e-18,(3.312011012969445e-20-8.55563561319948e-21j)
1.793,4.002164197518617e-21,-5.3800610218112816e-18,(1.2837740717524832e-21+1.3833482854933587e-20j)
1.794,4.002235905004539e-21,-5.386437779597942e-18,(-1.6197784494258427e-20-1.0284109363805802e-20j)
1.795,4.002484490247034e-21,-5.390763060996624e-18,(-8.213184513452357e-21-3.575766720793479e-20j)
1.796,4.002370346436112e-21,-5.385872209907516e-18,(-3.015813464527608e-21-1.476996325860028e-20j)
1.797,4.002449963318867e-21,-5.38911109740351e-18,(5.482079675728022e-22+1.6944618326477883e-20j)
1.798,4.0024589108147955e-21,-5.395433475914286e-18,(2.2460673556478104e-20-7.853941766850809e-21j)
1.799,4.002948481274255e-21,-5.389372194287891e-18,(3.9359462432799897e-20-4.0871226490027097e-20j)
1.8,4.003016433451567e-21,-5.390319175611703e-18,(-1.4104561396795894e-21-3.4130292270130516e-20j)
1.801,4.003001991701193e-21,-5.385260618844645e-18,(-4.3658098116928696e-21-4.033056598250936e-20j)
1.802,4.0030626151802984e-21,-5.395382296885854e-18,(2.1423302296313485e-21-3.9734414702043975e-20j)
1.803,4.0030499594967036e-21,-5.3937649495743645e-18,(3.130225328880129e-21-4.7806467677332367e-20j)
1.804,4.0030741933659015e-21,-5.393868718467715e-18,(-3.1590300223885167e-21-4.3517704148836365e-20j)
1.805,4.003050113718749e-21,-5.395990784112927e-18,(3.349597752044462e-22-4.3280467910298975e-20j)
1.806,4.00304194110564e-21,-5.397158438203814e-18,(2.9621766240224617e-21-5.559395273497266e-20j)
1.807,4.003000692108692e-21,-5.398980033398962e-18,(4.406543382050307e-21-3.909529610025992e-20j)
1.808,4.003225963111581e-21,-5.395110756862898e-18,(8.312553541279489e-22-3.43636745766609e-20j)
1.809,4.003260458335719e-21,-5.401641651291767e-18,(-4.270396744184752e-21-2.914473443107209e-20j)
1.81,4.003478148614066e-21,-5.401548154060702e-18,(6.327787142566331e-21-3.6766915752292816e-20j)
1.811,4.003444016310785e-21,-5.405812217181592e-18,(-1.2530035815158282e-20-4.832288922023878e-20j)
1.812,4.0032776148235e-21,-5.40238116719129e-18,(3.0864882534690336e-21-3.3854260030851654e-20j)
1.813,4.003176355504036e-21,-5.405161160057384e-18,(-6.953590377694819e-22-2.8476063527260746e-20j)
1.814,4.0033840521527214e-21,-5.4058025060751254e-18,(8.872145931990942e-21-3.7202774730225786e-20j)
1.815,4.003134619419491e-21,-5.405574943121699e-18,(-1.3459812392655031e-21-3.740432092197502e-20j)
1.816,4.003251548091993e-21,-5.409356151050367e-18,(2.9999198243137244e-20-3.115598424957503e-20j)
1.817,4.003155151678431e-21,-5.410693744161803e-18,(2.203569859532913e-20+3.1365928063898944e-21j)
1.818,4.003237540517642e-21,-5.411928785622617e-18,(1.1951164934273862e-20+6.83838217870103e-21j)
1.819,4.0026509705737485e-21,-5.409323172244962e-18,(-2.1596862449091196e-20-2.0676601713222938e-20j)
1.82,4.002643000656942e-21,-5.410351668742524e-18,(-6.974747779334044e-21-3.829917350463107e-20j)
1.821,4.002712541680098e-21,-5.412578194576598e-18,(-4.847382999228267e-21-3.677208502861494e-20j)
1.822,4.003072025258846e-21,-5.414364017671471e-18,(-1.0743629034750783e-20-4.3966121369131463e-20j)
1.823,4.002561179303836e-21,-5.412946258085955e-18,(-2.092444961470642e-20-3.9793142670518867e-20j)
1.824,4.0026240746463626e-21,-5.416818233580389e-18,(5.38694846899301e-22-3.1292623388697963e-20j)
1.825,4.002224132578097e-21,-5.4153491052844594e-18,(4.566183488207548e-21-2.7627265418452347e-20j)
1.826,4.0020119823445204e-21,-5.409200142803925e-18,(-1.253000954005998e-20-7.637253897482492e-21j)
1.827,4.001883250054323e-21,-5.419931419345701e-18,(6.754883909551994e-21+1.5907731072172106e-20j)
1.828,4.001617617846902e-21,-5.425749304058417e-18,(1.2093658488282001e-20-9.874096590059385e-21j)
1.829,4.001358042507299e-21,-5.42055456614253e-18,(3.775901451882024e-20-3.7805021291210526e-20j)
1.83,4.001320405703185e-21,-5.417377112235836e-18,(8.16633950366812e-22-4.4797183321246215e-20j)
1.831,4.0011835583451404e-21,-5.426114729187383e-18,(1.679531572966193e-22-4.132694538541946e-20j)
1.832,4.001194657387657e-21,-5.4308327894648586e-18,(1.002132406531904e-20-2.443255334466577e-20j)
1.833,4.00034836940629e-21,-5.426324677182847e-18,(8.390736050721356e-21-2.3453159987826138e-20j)
1.834,4.0000608808509414e-21,-5.428099317287539e-18,(-4.841689559913156e-21-4.380751156496586e-20j)
1.835,4.000191019188931e-21,-5.429833483983756e-18,(3.690910547247189e-21-3.222573396002538e-20j)
1.836,3.999684831948452e-21,-5.425255687365126e-18,(-7.16025289265525e-21-3.853094443334575e-20j)
1.837,3.999589280125479e-21,-5.438061212111413e-18,(-7.97235628488895e-21-4.0978781870177496e-20j)
1.838,3.999413739440292e-21,-5.4324825808621866e-18,(1.4764441736544175e-20-3.322195939530926e-20j)
1.839,3.99882285928728e-21,-5.434393473303012e-18,(4.018742835741031e-22-3.667061699005729e-20j)
1.84,3.9981254038033106e-21,-5.433797689149412e-18,(-2.701400533407425e-21-3.5648807618755334e-20j)
1.841,3.997837291878899e-21,-5.428230983115663e-18,(-1.5908294527017174e-20-4.339637631220977e-20j)
1.842,3.9972469079786e-21,-5.4361992740588066e-18,(-2.5751132044856855e-21-3.1718840923173733e-20j)
1.843,3.997031367250471e-21,-5.438464905500815e-18,(7.970415526793539e-21-2.6606933227805486e-20j)
1.844,3.996711594992458e-21,-5.438103498374611e-18,(1.3450224656495551e-21-3.3058741573398093e-20j)
1.845,3.996612805465254e-21,-5.442138326174082e-18,(3.2259351504610195e-21-3.9783658937605634e-20j)
1.846,3.995927015878948e-21,-5.440124606422978e-18,(3.1882326751159086e-20-2.089372183138968e-20j)
1.847,3.995707846957319e-21,-5.4454705519844104e-18,(3.6558600963967616e-20+3.003384892032491e-21j)
1.848,3.995059955430188e-21,-5.4431887115669834e-18,(1.7130391371443605e-20+1.0640010749392866e-20j)
1.849,3.994374821644159e-21,-5.445489928934421e-18,(-2.3578379684683327e-20-3.668143571717168e-21j)
1.85,3.994295290319284e-21,-5.446032667433254e-18,(-1.9185119798946015e-21-3.427307709273945e-20j)
1.851,3.99310174542757e-21,-5.453917403258065e-18,(-1.7154600309685986e-21-3.616503189129684e-20j)
1.852,3.993123242304932e-21,-5.453640536923126e-18,(1.3561442319006503e-20-2.74412649402797e-20j)
1.853,3.9924953334564444e-21,-5.455834367806975e-18,(-1.0091706651563157e-22-3.820425460938582e-20j)
1.854,3.992316660570394e-21,-5.45534164629343e-18,(1.0325092957839714e-20-4.3232980353512993e-20j)
1.855,3.9915983199765185e-21,-5.455859225626589e-18,(1.243814135753821e-20-3.1972909488963645e-20j)
1.856,3.991067765480699e-21,-5.4576117185930455e-18,(-4.2292723257481746e-21-1.4796053635809555e-20j)
1.857,3.98982658459022e-21,-5.460470706254809e-18,(-1.4410390919180073e-21-6.782111640968041e-21j)
1.858,3.990351090832039e-21,-5.4569296121886256e-18,(3.3825679270623456e-20+6.482638408371228e-21j)
1.859,3.989091847234462e-21,-5.46838508133279e-18,(1.971905233028078e-20-3.65919071384607e-20j)
1.86,3.989373956935692e-21,-5.466576208706866e-18,(-6.0862468420142086e-21-4.029281620008051e-20j)
1.861,3.9880569948492785e-21,-5.466563499260284e-18,(4.729008369916758e-21-4.3855177482466297e-20j)
1.862,3.9874530015148664e-21,-5.472840927899743e-18,(5.9659034678459354e-21-2.7839003658349754e-20j)
1.863,3.986989127294459e-21,-5.47273751544172e-18,(1.9340327360692e-22-3.79996883116108e-20j)
1.864,3.986129960114522e-21,-5.463372108474924e-18,(1.992889001099252e-20-3.1947493096924e-20j)
1.865,3.985651873439928e-21,-5.471640221497628e-18,(5.3401697605059725e-21-2.2604092605141872e-20j)
1.866,3.985202847497951e-21,-5.4723821247747485e-18,(-6.044632783486628e-21-2.992240329467203e-20j)
1.867,3.984846798275018e-21,-5.473087128407727e-18,(2.0974518741855032e-21-2.2054292600530963e-20j)
1.868,3.9839692412288264e-21,-5.478929201747191e-18,(3.248386095719418e-21-4.7002562879154255e-20j)
1.869,3.984079330830739e-21,-5.481253303361709e-18,(3.1607145558000702e-21-2.733184976303896e-20j)
1.87,3.983320121367065e-21,-5.4758251482519764e-18,(-1.9058101725942895e-21-3.981025659155661e-20j)
1.871,3.982006509326384e-21,-5.486227733792375e-18,(5.7042229152773124e-21-3.5270299548676736e-20j)
1.872,3.981888144838295e-21,-5.476843243564068e-18,(-3.3237143154636883e-21-3.834962662153188e-20j)
1.873,3.980997580331354e-21,-5.48311922112112e-18,(-1.1335920171163606e-22-2.774269748115324e-20j)
1.874,3.980742513730817e-21,-5.484937516345709e-18,(-5.3791926615343986e-21-2.799001697643881e-20j)
1.875,3.979865150218229e-21,-5.492145761739297e-18,(1.748149463377009e-21-1.8892677486550326e-20j)
1.876,3.979383335163871e-21,-5.482966213000438e-18,(2.733078697238098e-20-2.662311611082275e-20j)
1.877,3.978344542294571e-21,-5.491314359902823e-18,(1.4119128268075756e-20-4.276576662948984e-21j)
1.878,3.978047342318367e-21,-5.4958577185934794e-18,(2.9334254022096577e-21+4.055394950595882e-21j)
1.879,3.976928035831035e-21,-5.497821780681169e-18,(-6.232068904428287e-21-1.0066250038550269e-20j)
1.88,3.9755950780043384e-21,-5.497138337538414e-18,(1.0062334771824313e-20-3.1156724387091736e-20j)
1.881,3.974543722609684e-21,-5.497709286280258e-18,(-5.17674136056575e-21-1.1085509339150372e-20j)
1.882,3.97391876009697e-21,-5.498008594948644e-18,(9.649478813048348e-21+4.863539233739364e-21j)
1.883,3.9736637497881485e-21,-5.501337125386585e-18,(3.328307652002196e-20-9.790935519251112e-21j)
1.884,3.973120441312631e-21,-5.500577356087403e-18,(2.757263050349766e-20-1.9993968194249915e-20j)
1.885,3.972293721423884e-21,-5.498583805064343e-18,(4.4515199937705595e-21-4.0892906055525986e-20j)
1.886,3.971515855958544e-21,-5.5057527584479045e-18,(-1.1668050530805828e-20-4.4617401324168125e-20j)
1.887,3.969864462022479e-21,-5.5036499063481366e-18,(6.471172014674589e-21-4.015753198775353e-20j)
1.888,3.969445261768899e-21,-5.507928734873151e-18,(1.426468749259165e-20-2.951162780765168e-20j)
1.889,3.968254965780306e-21,-5.506485371839614e-18,(-7.61686267161325e-22-5.212327389511659e-20j)
1.89,3.9680631713703496e-21,-5.512169929429551e-18,(8.224512878520151e-21-4.007043998389058e-20j)
1.891,3.9665755949904485e-21,-5.516821616557615e-18,(2.7248212717093926e-20-3.4165513076722813e-20j)
1.892,3.9658484705671434e-21,-5.516738066653462e-18,(2.4132360972583277e-20-9.398626424137181e-21j)
1.893,3.9651117744482186e-21,-5.520026165556814e-18,(1.947885589083776e-21+1.1384934140626655e-20j)
1.894,3.964017378013879e-21,-5.519082969259872e-18,(-2.336685993433886e-20-7.691306671378655e-21j)
1.895,3.962963978153522e-21,-5.517652524740005e-18,(1.815122118415476e-21-2.5470622186137574e-20j)
1.896,3.961368150553248e-21,-5.5262845191941355e-18,(7.37896901104234e-21-3.9637328142270016e-20j)
1.897,3.961581521452173e-21,-5.527568198208062e-18,(4.4023163508240496e-21-3.178687591753279e-20j)
1.898,3.960452784329837e-21,-5.530732590313266e-18,(1.0398766372860189e-20-3.810257218924485e-20j)
1.899,3.9587992871498915e-21,-5.5300611474532696e-18,(1.2222786554970726e-20-4.1479695282732345e-20j)
1.9,3.958674214589497e-21,-5.531983935650063e-18,(4.9647186628505e-21-4.29417064847428e-20j)
1.901,3.957328068480857e-21,-5.532294991800852e-18,(-1.696101433316084e-20-7.229549224572274e-21j)
1.902,3.955677758213457e-21,-5.536996547120719e-18,(-8.333301167478577e-21+8.361788895185593e-21j)
1.903,3.955582091093832e-21,-5.539878945403152e-18,(3.2818011651354007e-20-9.921138006774136e-22j)
1.904,3.953853347875647e-21,-5.5360732019175825e-18,(3.7620437279913547e-20-2.492910056839209e-20j)
1.905,3.9537057453979666e-21,-5.543090832236868e-18,(5.86190103629546e-21-3.413247029287954e-20j)
1.906,3.951740574361624e-21,-5.541613381920114e-18,(9.482879264334418e-21-3.961299074474989e-20j)
1.907,3.95094202439851e-21,-5.552348090718609e-18,(1.1519115498571502e-20-3.734075681766973e-20j)
1.908,3.949364335885425e-21,-5.549238385886656e-18,(8.73087149242363e-21-2.551975961862395e-20j)
1.909,3.948087582372448e-21,-5.550787558880011e-18,(-1.2997240274141066e-21-4.4502635024138786e-20j)
1.91,3.9470942074975965e-21,-5.557512610996964e-18,(-3.093270666933796e-22-4.183949615434021e-20j)
1.911,3.946206831335018e-21,-5.563543552355973e-18,(2.999337358355435e-20-2.85833159231391e-20j)
1.912,3.9449769320996516e-21,-5.559628087964478e-18,(2.875515332420182e-20-6.156699479434714e-22j)
1.913,3.9434813253341944e-21,-5.565441187777994e-18,(7.817744677429136e-21+1.956223573053564e-20j)
1.914,3.942282416832321e-21,-5.563156245195367e-18,(-1.42668971690866e-20-8.550253614459977e-21j)
1.915,3.940908428424713e-21,-5.569885931774098e-18,(1.167384523291537e-20-4.159197272639913e-20j)
1.916,3.939544213370819e-21,-5.569839072491919e-18,(-6.677906189621432e-21-1.089199087810544e-20j)
1.917,3.937470617217409e-21,-5.570824613264308e-18,(7.454957917684943e-21+1.4769970823824916e-20j)
1.918,3.937136558170538e-21,-5.567827610589225e-18,(3.307556957356985e-20-1.0085031747295165e-22j)
1.919,3.9359525567247975e-21,-5.572069753551245e-18,(3.720893996199106e-20-3.4978710616110946e-20j)
1.92,3.934588205422334e-21,-5.573340633967271e-18,(9.184380829817863e-21-3.641730865511871e-20j)
1.921,3.932509695394185e-21,-5.582535890762408e-18,(3.260963576525301e-20-3.134181573543883e-20j)
1.922,3.931252878026181e-21,-5.582590484363848e-18,(3.3286037400865736e-20+1.750324022865017e-21j)
1.923,3.929927986541042e-21,-5.580620904295218e-18,(-1.4094125833365146e-21+1.7404432452727895e-20j)
1.924,3.9293421394135044e-21,-5.587386868585957e-18,(-1.9802275207371894e-20-1.39529659457853e-20j)
1.925,3.928099939240362e-21,-5.5884889421219e-18,(1.422210290995619e-20-3.7908726543007785e-20j)
1.926,3.925552287656191e-21,-5.587434883280351e-18,(1.3791633328772255e-20-3.982128758173151e-20j)
1.927,3.9250728820479936e-21,-5.5897080488789375e-18,(6.7038308661895845e-21-3.1424308733780776e-20j)
1.928,3.922986782525608e-21,-5.591696841828943e-18,(6.0489712458586974e-21-4.418741103180316e-20j)
1.929,3.9213601668346574e-21,-5.594651188420962e-18,(3.897105497943808e-21-3.443505034519853e-20j)
1.93,3.920323914399346e-21,-5.592611736268928e-18,(1.2542612457552405e-20-3.796351332004537e-20j)
1.931,3.918144491767278e-21,-5.596891098834222e-18,(9.174411443742637e-21-2.994068519198895e-20j)
1.932,3.91736882226728e-21,-5.6064714265312325e-18,(2.650363538566277e-21-4.8047157558610474e-20j)
1.933,3.915622903124221e-21,-5.610658773299773e-18,(7.986556860765732e-21-3.3550460874557797e-20j)
1.934,3.914757590041898e-21,-5.6079283392922934e-18,(1.422848554412424e-20-3.718159741406833e-20j)
1.935,3.913311474331025e-21,-5.611842649499307e-18,(1.0819570740314938e-20-4.080244355406928e-20j)
1.936,3.9114358016314936e-21,-5.608145520236532e-18,(-9.949264844587171e-21-1.6120461321024367e-20j)
1.937,3.9102975311608355e-21,-5.609554053996291e-18,(-2.3144843209457716e-21+6.637304317125828e-21j)
1.938,3.9084272504260854e-21,-5.612984495273232e-18,(2.2412483621208464e-20+3.1051196777430092e-21j)
1.939,3.907116456246492e-21,-5.618313005483407e-18,(3.849423631752964e-20-2.2042614279863417e-20j)
1.94,3.905843620298743e-21,-5.618291813062278e-18,(8.730292583561205e-21-4.148982901915378e-20j)
1.941,3.903216911291263e-21,-5.621457706193204e-18,(1.5939379917561884e-20-4.8182948289654955e-20j)
1.942,3.902284697436137e-21,-5.624718551292152e-18,(1.4571904110078504e-20-4.376299514811799e-20j)
1.943,3.90031794063709e-21,-5.6295531747463395e-18,(8.30781350153052e-21-4.584284443070611e-20j)
1.944,3.900265092610287e-21,-5.6317531215289915e-18,(1.7253271893227633e-20-3.0096099879303085e-20j)
1.945,3.89741252021299e-21,-5.6281719375881544e-18,(2.2935538237119976e-20-3.601966397880131e-20j)
1.946,3.895559837753649e-21,-5.633845554304632e-18,(4.0133677452910816e-20-2.0054420401505964e-20j)
1.947,3.8949397757114316e-21,-5.638434234273321e-18,(3.8452824139612485e-20+1.1944048537395468e-20j)
1.948,3.8936057102084824e-21,-5.637827348938053e-18,(1.1445079123448172e-20+1.5333632646969766e-20j)
1.949,3.891607659134518e-21,-5.642950696465591e-18,(-1.330143658835431e-20-2.1659845020550296e-20j)
1.95,3.8904997713282295e-21,-5.64087727989527e-18,(1.825903549603969e-20-4.4844105500698244e-20j)
1.951,3.887754483274065e-21,-5.653229897145646e-18,(6.3997563374701476e-21-2.5083315554463088e-20j)
1.952,3.88731170397185e-21,-5.649546573910387e-18,(-7.01616902578774e-21+8.249255799515938e-21j)
1.953,3.8857410520127355e-21,-5.641133997136611e-18,(2.2564098351928206e-20+1.5184924575577e-20j)
1.954,3.883790835973428e-21,-5.649416906337325e-18,(3.9129705264646444e-20-2.4599660514379377e-20j)
1.955,3.881154954698204e-21,-5.648256250352504e-18,(5.3717558572640216e-21-4.9435632238366213e-20j)
1.956,3.8796184563220735e-21,-5.650062039042087e-18,(4.3142986654139e-20-2.4644296700069737e-20j)
1.957,3.880660962333718e-21,-5.6565559930069256e-18,(4.1730945249574385e-20+2.0845660704409956e-20j)
1.958,3.877455373830334e-21,-5.659356152863596e-18,(2.157353194194929e-21+1.672378210583772e-20j)
1.959,3.8763966270688105e-21,-5.665631234879753e-18,(-1.3418795478270205e-20-2.1926776486299765e-20j)
1.96,3.875276492080436e-21,-5.661264386386772e-18,(2.112955045998001e-20-5.120729000128771e-20j)
1.961,3.8748693704552924e-21,-5.6690233166872805e-18,(1.5702235441245113e-20-4.615297735226279e-20j)
1.962,3.870680229415895e-21,-5.667707225169912e-18,(1.5747164542964647e-20-4.56424014415893e-20j)
1.963,3.869457594543458e-21,-5.661861197897466e-18,(2.3088431069620017e-20-4.943600206701232e-20j)
1.964,3.869569201349024e-21,-5.6693104635962854e-18,(1.5922089660049535e-20-3.908449861080332e-20j)
1.965,3.868663494300166e-21,-5.666896561277625e-18,(3.4610689973567666e-20-2.5663564249958645e-20j)
1.966,3.866664360145091e-21,-5.6725570588660244e-18,(-1.4051537142363112e-20-1.1525607469946887e-20j)
1.967,3.864204561066311e-21,-5.680953484778183e-18,(-2.762496746390931e-21-4.977736220281755e-22j)
1.968,3.8644990409178505e-21,-5.6748842785633855e-18,(3.5473950188466445e-20+1.1306883416627306e-20j)
1.969,3.861865786050401e-21,-5.677407467153032e-18,(3.9279704012969484e-20-2.4491167385566274e-20j)
1.97,3.8605118587769504e-21,-5.676368184094759e-18,(1.9527471540489258e-20-5.302535706679297e-20j)
1.971,3.859869404523638e-21,-5.685955961636153e-18,(2.7498673006523176e-20-5.269899644346678e-20j)
1.972,3.8591885755270845e-21,-5.684083432607862e-18,(3.273951642439735e-20-3.8492034631211786e-20j)
1.973,3.858042470483523e-21,-5.689804649280816e-18,(8.143385361950948e-21-4.2840098859822487e-20j)
1.974,3.854499052841468e-21,-5.692606274985622e-18,(1.677050667876684e-20-3.833329471375592e-20j)
1.975,3.853689229912796e-21,-5.686049772050698e-18,(2.191671541348329e-20-3.6970124503657835e-20j)
1.976,3.8543672476445006e-21,-5.6828586805824795e-18,(5.2502527398112355e-20-1.9033485387230508e-20j)
1.977,3.8513655508341e-21,-5.691761712772472e-18,(3.719343679906616e-20+1.8966910071535702e-20j)
1.978,3.849490800819314e-21,-5.7008889412839914e-18,(2.781974482089538e-21+1.362854632895592e-20j)
1.979,3.849324302782762e-21,-5.69234630861318e-18,(-1.0026550908211927e-20-3.1998534194896576e-20j)
1.98,3.849545433986813e-21,-5.701476960026948e-18,(2.0063186668879337e-20-3.923193531665277e-20j)
1.981,3.846763401905698e-21,-5.693383473282504e-18,(1.7729423144141967e-20-3.9886901173802084e-20j)
1.982,3.8463462116842324e-21,-5.7046823674677774e-18,(2.0608886509575412e-20-3.704207656290665e-20j)
1.983,3.843179223905238e-21,-5.698299754410889e-18,(2.6516204283897625e-20-4.056794625033168e-20j)
1.984,3.845346027659808e-21,-5.699236535238755e-18,(1.945590405767418e-20-3.707862168979701e-20j)
1.985,3.842408083874343e-21,-5.6950309396922976e-18,(1.5019731493539164e-20-5.200188943487169e-20j)
1.986,3.840990885629538e-21,-5.700020933172017e-18,(-1.505489004569688e-20-8.289912474067591e-21j)
1.987,3.83972569266945e-21,-5.700983113553699e-18,(-1.13324369599185e-20+1.1014615950594436e-20j)
1.988,3.838440455993005e-21,-5.697941533322034e-18,(2.440003288896074e-20+2.2341616674727768e-20j)
1.989,3.839278703591151e-21,-5.712058616949554e-18,(4.366593875630087e-20-1.2111250687257117e-20j)
1.99,3.839210307009371e-21,-5.710200741035938e-18,(2.5729437410960554e-20-4.7493883184930935e-20j)
1.991,,,
1.992,,,
1.993,,,
1.994,,,
1.995,,,
1.996,,,
1.997,,,
1.998,,,
1.999,,,
2.0,3.828559975356179e-21,-5.715797687692014e-18,(2.877566577573174e-20-3.410499380239718e-20j)
